Timestamp,Client IP,Query Name,Query Type,Response Type,Response Data,Query Class,Response Time (ms),DNS Server IP,Flags,TTL,Source Port,Query Length,Domain Type,Attack Type
2023-02-14T08:01:41.896604,29.43.85.55,axtkmt.org,TXT,NOERROR,,IN,29,215.236.122.181,Recursion Desired,61588,53,57,malicious,DDoS Attack
2023-07-08T00:27:06.843015,231.92.233.143,fhaydfj.xyz,A,NOERROR,,IN,11,74.217.230.18,Truncated,84337,53,114,random,DDoS Attack
2023-08-18T11:25:13.314596,187.179.254.175,qfwobd.io,AAAA,NXDOMAIN,,IN,164,109.50.229.211,Standard Query,32,17423,30,random,NXDOMAIN Attack
2023-01-24T22:26:22.744947,160.219.165.83,nuzlxlogl.org,A,NXDOMAIN,5.180.134.228,IN,284,57.200.172.118,Truncated,45,50914,149,social,NXDOMAIN Attack
2023-04-17T18:09:27.978556,82.114.153.130,yjuqeiivwy.xyz,A,NOERROR,,IN,24,190.39.189.62,Recursion Desired,54998,53,109,social,DDoS Attack
2023-11-06T12:19:46.957370,210.221.58.122,acnckme.com,MX,NXDOMAIN,33.171.150.255,IN,113,94.49.76.228,Truncated,1,7610,130,malicious,DNS Poisoning
2023-06-30T03:08:28.469910,117.46.82.201,talvxx.xyz,A,NXDOMAIN,173.244.104.15,IN,111,80.67.123.111,Recursion Desired,24,23376,26,malicious,NXDOMAIN Attack
2023-12-07T05:54:09.826091,218.235.100.41,ouwodbg.org,CNAME,NXDOMAIN,165.165.160.120,IN,448,29.147.3.115,Truncated,46,38178,188,social,NXDOMAIN Attack
2023-05-01T23:25:04.701246,52.109.93.244,dcioijrmun.xyz,AAAA,NXDOMAIN,213.110.102.99,IN,112,185.109.240.90,Truncated,38,6153,51,e-commerce,NXDOMAIN Attack
2023-03-10T21:13:31.904949,220.2.131.174,ugbbhibavu.org,CNAME,REFUSED,240.49.142.197,IN,123,46.151.184.41,Truncated,86400,21741,132,e-commerce,DNS Poisoning
2023-05-28T16:15:37.126430,17.244.157.82,ngqlvn8lc2u77ysj.xyz,AAAA,SERVFAIL,,IN,466,112.98.159.120,Suspicious Query,31113,20532,250,e-commerce,Data Exfiltration/DGA Activity
2023-09-17T05:51:39.305230,196.119.49.11,xfkmv.net,AAAA,NXDOMAIN,,IN,49,221.168.178.132,Truncated,11,20161,128,malicious,NXDOMAIN Attack
2023-04-23T12:54:39.012349,70.180.89.36,biivsiztsy.xyz,AAAA,SERVFAIL,,IN,316,12.229.37.76,Truncated,9498,38541,196,malicious,Normal
2023-04-12T10:40:08.895164,166.245.186.171,embnq.org,TXT,NXDOMAIN,177.56.53.25,IN,127,164.211.232.169,Truncated,10,5932,126,social,NXDOMAIN Attack
2023-04-20T12:08:16.495036,31.95.14.176,yyneadjb.xyz,A,NOERROR,,IN,38,207.140.137.169,Recursion Desired,38130,53,26,malicious,DDoS Attack
2023-11-08T11:02:58.709723,152.241.147.135,xzhubkzfm.net,AAAA,NXDOMAIN,247.187.8.31,IN,458,131.40.134.0,Recursion Desired,33,64974,188,random,NXDOMAIN Attack
2023-01-15T23:47:11.200913,223.176.202.232,pqqpsaxn.org,CNAME,NXDOMAIN,234.33.85.102,IN,157,205.198.209.59,Recursion Desired,5,10999,33,news,NXDOMAIN Attack
2023-12-11T11:41:30.722014,36.40.16.204,vhhyk.xyz,A,NOERROR,,IN,42,66.154.55.122,Recursion Desired,62043,53,75,e-commerce,DDoS Attack
2023-12-17T15:48:49.095254,247.152.157.162,zgkrpvjddf.com,MX,NOERROR,81.66.137.11,IN,158,179.146.35.199,Standard Query,23401,49094,63,random,Normal
2023-01-29T22:40:03.933880,226.156.43.222,okpyhyfhud.xyz,TXT,REFUSED,,IN,494,213.217.26.47,Truncated,74334,55005,88,random,Normal
2023-01-28T01:08:25.614622,18.229.135.163,cyyvcarxzy.xyz,CNAME,NXDOMAIN,171.126.77.32,IN,326,62.49.82.168,Standard Query,26,47505,57,e-commerce,NXDOMAIN Attack
2023-03-07T14:58:38.142153,43.9.130.98,9mh8h9nuc2.xyz,MX,NOERROR,208.101.110.14,IN,83,99.189.106.68,Suspicious Query,75547,50750,233,e-commerce,Data Exfiltration/DGA Activity
2023-03-16T04:29:41.558554,251.143.176.8,ayitxlik.io,TXT,NOERROR,141.34.200.180,IN,31,170.185.18.41,Recursion Desired,1,44335,133,malicious,DNS Poisoning
2023-09-05T17:19:35.720594,32.162.9.1,pwmqcexh.io,CNAME,NXDOMAIN,,IN,36,237.223.18.81,Truncated,57,35545,119,news,NXDOMAIN Attack
2023-07-02T09:36:45.002197,196.140.191.194,45qrjge6nqew6k.xyz,AAAA,SERVFAIL,,IN,204,165.253.108.9,Suspicious Query,37694,1242,219,social,Data Exfiltration/DGA Activity
2023-05-16T04:43:49.652633,12.165.43.15,ocbal.xyz,A,REFUSED,8.189.230.154,IN,177,189.235.154.234,Standard Query,86400,21141,133,malicious,DNS Poisoning
2023-10-28T17:06:27.356255,238.52.248.183,ykkejh2e8zakpeeke4e.xyz,MX,SERVFAIL,,IN,54,102.134.70.138,Suspicious Query,53196,55758,153,malicious,Data Exfiltration/DGA Activity
2023-11-05T23:25:01.763868,71.227.66.26,fplvhz.xyz,A,NOERROR,43.219.241.73,IN,50,26.126.152.42,Truncated,60341,443,175,news,DDoS Attack
2023-12-04T13:07:29.467786,178.32.48.195,wnwcuvb.xyz,TXT,NOERROR,52.161.35.113,IN,38,165.139.58.225,Standard Query,27716,53,118,malicious,DDoS Attack
2023-06-28T04:51:21.235918,147.178.186.210,r0fu0bnyhxrj.xyz,TXT,NOERROR,93.157.16.9,IN,15,71.253.54.119,Suspicious Query,13977,8030,186,random,Data Exfiltration/DGA Activity
2023-12-11T02:19:24.801434,13.191.112.119,wqlpkddpxy.net,MX,NOERROR,242.249.131.65,IN,433,63.127.250.137,Standard Query,37315,56185,78,malicious,Normal
2023-12-30T05:51:08.715529,219.59.160.1,i9aihxmwga7dcg.xyz,MX,REFUSED,,IN,287,47.119.172.31,Suspicious Query,34504,3626,215,e-commerce,Data Exfiltration/DGA Activity
2023-02-03T17:16:58.729119,117.194.58.170,rluhrh.xyz,AAAA,REFUSED,96.52.65.228,IN,29,168.6.201.102,Standard Query,1,59476,112,e-commerce,DNS Poisoning
2023-09-11T20:46:50.642955,101.252.208.111,efgqab.xyz,TXT,SERVFAIL,241.35.164.40,IN,276,188.69.54.141,Standard Query,86400,42766,61,social,DNS Poisoning
2023-09-29T03:32:31.311580,58.36.67.220,njjwqsi.net,A,REFUSED,,IN,207,88.185.22.199,Truncated,19967,13706,169,e-commerce,Normal
2023-04-20T12:44:15.884235,180.195.246.188,nnfwnnj.net,TXT,NXDOMAIN,,IN,230,170.203.77.83,Truncated,13,7589,145,e-commerce,NXDOMAIN Attack
2023-03-01T03:25:36.842512,63.190.154.109,gugqdbwcwdoukl50.xyz,CNAME,NOERROR,65.138.224.23,IN,43,119.41.230.85,Suspicious Query,86074,61858,138,e-commerce,Data Exfiltration/DGA Activity
2023-07-03T22:50:19.742677,186.202.40.14,sentdzjw.xyz,CNAME,SERVFAIL,59.162.56.25,IN,149,133.90.67.230,Standard Query,86400,7101,53,random,DNS Poisoning
2023-11-28T10:26:41.223704,120.144.50.138,iho8hhv1jidiboeo9.xyz,AAAA,REFUSED,,IN,50,142.208.156.166,Suspicious Query,24876,58511,140,social,Data Exfiltration/DGA Activity
2023-10-22T06:46:00.642702,197.227.118.142,wrnywfpwns.io,A,NOERROR,5.50.109.172,IN,47,166.1.100.110,Standard Query,47695,443,47,news,DDoS Attack
2023-12-16T08:41:53.711377,207.156.11.174,qqbqrn.net,AAAA,REFUSED,174.225.243.29,IN,401,229.172.218.66,Truncated,86400,49197,117,news,DNS Poisoning
2023-04-16T23:29:59.611280,96.184.2.101,wswcgg.com,CNAME,SERVFAIL,,IN,297,124.64.77.98,Standard Query,10704,19470,89,e-commerce,Normal
2023-12-27T14:21:12.382258,111.164.156.99,tpiuswuq.org,AAAA,NOERROR,,IN,29,27.148.219.185,Truncated,54397,53,123,malicious,DDoS Attack
2023-08-28T04:28:28.388055,134.57.94.195,iinaqg.io,A,NOERROR,70.207.41.34,IN,46,23.166.246.47,Recursion Desired,43471,443,157,e-commerce,DDoS Attack
2023-12-04T03:15:28.202317,37.248.105.223,fcnrspeyo.net,CNAME,NOERROR,,IN,6,86.178.70.192,Recursion Desired,28416,53,174,social,DDoS Attack
2023-09-12T06:01:58.336674,150.87.131.63,cdlhamfa.io,A,SERVFAIL,,IN,396,181.16.217.227,Truncated,16090,39085,143,social,Normal
2023-10-08T05:45:35.647957,102.24.190.84,hfdet2ffrrn7g0cn.xyz,MX,NXDOMAIN,,IN,113,159.157.166.154,Suspicious Query,36278,18152,212,social,Data Exfiltration/DGA Activity
2023-09-07T05:20:45.652138,125.152.171.137,lwqfld.org,TXT,NOERROR,85.140.14.25,IN,408,194.122.107.92,Truncated,74885,55874,186,random,Normal
2023-02-01T03:04:28.230864,196.92.100.190,ebacezi.xyz,AAAA,NOERROR,,IN,14,58.74.105.39,Standard Query,62865,53,77,social,DDoS Attack
2023-04-23T11:40:18.772452,201.237.89.114,kse6dikoq50oky49il79.xyz,MX,NOERROR,113.196.144.1,IN,274,6.86.248.22,Suspicious Query,42456,33791,120,random,Data Exfiltration/DGA Activity
2023-03-23T12:13:52.090621,103.207.106.226,grwefb.org,A,NOERROR,204.150.214.21,IN,65,72.133.82.42,Recursion Desired,1,56448,45,news,DNS Poisoning
2023-03-15T00:59:24.087585,50.235.152.147,auybax.com,AAAA,NOERROR,77.157.141.136,IN,182,42.51.239.171,Standard Query,16417,56206,61,social,Normal
2023-12-04T23:17:46.685606,208.23.145.146,bakfmiry.net,MX,NOERROR,,IN,20,40.72.30.17,Truncated,17695,53,149,malicious,DDoS Attack
2023-02-24T16:38:28.611261,131.100.85.117,ycdsc.com,A,NXDOMAIN,22.179.61.146,IN,493,83.40.135.42,Recursion Desired,86400,33419,169,e-commerce,DNS Poisoning
2023-10-17T10:55:54.496989,255.113.226.112,5osks6vnry8.xyz,CNAME,SERVFAIL,,IN,170,13.4.66.24,Suspicious Query,20548,17368,239,social,Data Exfiltration/DGA Activity
2023-06-21T04:31:33.597130,152.204.126.1,srpnslebt.org,MX,NOERROR,194.93.178.206,IN,13,225.247.150.59,Truncated,17936,443,105,social,DDoS Attack
2023-03-07T19:02:47.108442,23.130.26.123,bqqycxt.org,AAAA,NOERROR,,IN,32,72.125.126.45,Recursion Desired,2924,443,127,news,DDoS Attack
2023-02-24T20:27:13.195759,73.118.132.56,ksuxfmgzl.xyz,TXT,NOERROR,,IN,37,201.161.205.1,Standard Query,37187,53,52,random,DDoS Attack
2023-04-11T14:18:40.799786,167.107.156.155,yoiblt.io,CNAME,NOERROR,,IN,14,16.64.118.52,Recursion Desired,59073,443,88,random,DDoS Attack
2023-08-24T07:52:19.705270,49.164.148.20,sazcze.io,MX,REFUSED,,IN,26,63.169.46.250,Standard Query,30506,56951,60,malicious,Normal
2023-07-01T20:56:45.050147,144.51.152.208,iexxvy.xyz,A,NOERROR,85.100.40.199,IN,336,205.24.158.195,Standard Query,21792,22244,21,malicious,Normal
2023-04-26T02:59:58.230500,183.182.174.229,ycpjtp.xyz,A,NXDOMAIN,,IN,310,212.41.42.87,Recursion Desired,38,38158,37,random,NXDOMAIN Attack
2023-08-12T22:07:35.304778,51.72.83.236,wwauoibnv.io,AAAA,REFUSED,174.212.83.64,IN,367,84.147.252.195,Truncated,1,8100,132,random,DNS Poisoning
2023-05-31T10:38:22.652615,198.195.231.213,cp71ca1372b5ufm21.xyz,MX,NXDOMAIN,,IN,25,43.5.5.171,Suspicious Query,34729,47466,226,malicious,Data Exfiltration/DGA Activity
2023-04-20T16:50:45.737884,192.220.250.157,lscpengu.com,TXT,NXDOMAIN,,IN,96,95.235.105.34,Truncated,23,16773,151,e-commerce,NXDOMAIN Attack
2023-03-12T04:23:13.367771,224.160.59.62,jylia.xyz,CNAME,REFUSED,,IN,337,127.146.55.42,Standard Query,58143,42720,114,malicious,Normal
2023-03-06T17:30:48.661046,164.63.94.218,pkxuqho.org,MX,NOERROR,236.26.159.215,IN,487,161.81.45.223,Standard Query,86400,11519,137,malicious,DNS Poisoning
2023-05-05T00:14:58.507061,198.201.250.121,canvtoxtyy.com,A,NXDOMAIN,,IN,65,78.248.226.255,Recursion Desired,59,23183,145,news,NXDOMAIN Attack
2023-10-03T09:06:36.144675,145.255.231.208,rdlqr.org,AAAA,NXDOMAIN,,IN,439,135.187.40.204,Recursion Desired,46,24201,169,e-commerce,NXDOMAIN Attack
2023-03-29T10:38:36.844107,92.127.204.46,whiwmvftt.xyz,AAAA,NXDOMAIN,,IN,219,116.172.88.122,Recursion Desired,40,14286,92,news,NXDOMAIN Attack
2023-05-13T11:52:24.235866,207.124.241.248,hlvpo8pbwywmv.xyz,A,NOERROR,196.143.164.241,IN,73,165.22.190.23,Suspicious Query,61216,63919,228,malicious,Data Exfiltration/DGA Activity
2023-02-01T16:35:28.706110,140.127.158.90,xwxfg.xyz,AAAA,NOERROR,69.131.43.33,IN,28,95.161.191.74,Truncated,76296,55031,195,news,Normal
2023-05-03T08:16:40.748395,187.141.123.193,cbxrnm.com,CNAME,REFUSED,86.237.236.140,IN,475,164.20.161.191,Standard Query,86400,19565,185,social,DNS Poisoning
2023-12-02T05:08:27.614022,133.163.107.205,ecenwo.net,A,REFUSED,,IN,418,14.139.84.158,Standard Query,47187,14957,166,news,Normal
2023-06-07T20:27:15.153328,144.86.249.190,poeyeklpbi.net,TXT,REFUSED,,IN,396,191.161.175.251,Recursion Desired,9526,52662,104,e-commerce,Normal
2023-10-19T08:38:15.003544,101.183.35.110,cgakblwlps.com,AAAA,NXDOMAIN,,IN,213,176.139.131.138,Standard Query,33149,48685,53,random,Normal
2023-08-04T11:43:13.057291,195.198.210.165,uzotasksc.net,TXT,NXDOMAIN,,IN,276,21.85.36.81,Recursion Desired,25048,31302,94,malicious,Normal
2023-12-02T10:54:54.108496,87.81.60.46,avyxnz.xyz,AAAA,NOERROR,,IN,8,94.20.182.36,Truncated,11296,53,45,random,DDoS Attack
2023-05-18T11:23:52.673441,14.254.82.195,qbskhlaazp.com,A,NOERROR,,IN,44,247.155.133.246,Truncated,10962,443,90,malicious,DDoS Attack
2023-08-09T10:02:11.366650,96.16.5.253,skngezksr.io,CNAME,NXDOMAIN,,IN,100,18.72.217.235,Recursion Desired,78788,20013,64,news,Normal
2023-05-09T14:44:23.983489,33.195.84.49,qxpvzlxrcc.com,AAAA,NOERROR,46.119.241.146,IN,7,121.236.210.155,Standard Query,61258,53,109,e-commerce,DDoS Attack
2023-02-17T05:00:12.052060,220.59.175.139,avvsea.net,CNAME,NOERROR,186.35.120.167,IN,25,61.117.34.212,Recursion Desired,1,33452,21,news,DNS Poisoning
2023-01-02T06:24:54.631329,97.98.234.5,bdriz.io,AAAA,NXDOMAIN,9.206.6.106,IN,132,232.125.179.219,Recursion Desired,51,22232,27,news,NXDOMAIN Attack
2023-02-08T23:55:06.452618,182.64.100.154,shspbgamk.io,MX,NOERROR,,IN,18,88.27.61.43,Truncated,47848,443,132,random,DDoS Attack
2023-07-29T02:19:06.697283,123.57.3.97,5qbxrd4266okkbx4o1.xyz,AAAA,SERVFAIL,,IN,267,192.174.32.69,Suspicious Query,68069,38719,194,social,Data Exfiltration/DGA Activity
2023-10-27T16:40:24.100230,161.78.53.242,vf8zmf1k5z2uzs.xyz,MX,SERVFAIL,,IN,131,45.155.170.209,Suspicious Query,20057,32703,168,malicious,Data Exfiltration/DGA Activity
2023-08-23T19:59:15.435815,137.205.237.77,xexvece.xyz,MX,NOERROR,244.121.10.137,IN,409,160.29.162.236,Truncated,1,30623,33,social,DNS Poisoning
2023-12-07T18:08:01.923431,31.203.98.234,zgziujai.org,MX,NOERROR,,IN,5,165.11.114.37,Recursion Desired,4896,53,138,social,DDoS Attack
2023-08-27T14:44:59.499286,2.105.254.209,ibkalnv.xyz,AAAA,SERVFAIL,,IN,442,14.156.93.33,Recursion Desired,47440,7570,70,e-commerce,Normal
2023-08-07T20:12:33.682602,161.18.175.244,rsujbstgoo.io,MX,SERVFAIL,,IN,462,166.248.188.81,Standard Query,21685,11022,155,malicious,Normal
2023-10-21T11:42:41.166724,115.245.60.205,lkkmcghq.net,AAAA,SERVFAIL,209.168.0.8,IN,454,140.207.200.251,Recursion Desired,86400,9864,106,news,DNS Poisoning
2023-12-16T07:34:03.694886,188.22.246.214,slywyzxzo.net,MX,NXDOMAIN,,IN,389,145.226.85.80,Recursion Desired,23,55913,107,news,NXDOMAIN Attack
2023-08-18T19:41:23.518622,63.169.186.165,bybqo.net,TXT,NOERROR,,IN,24,20.4.154.28,Standard Query,71655,443,40,random,DDoS Attack
2023-04-21T07:24:30.057436,61.142.245.165,swrrmcp.io,CNAME,NXDOMAIN,,IN,231,176.108.118.164,Truncated,80950,21325,88,social,Normal
2023-04-30T09:56:19.367549,92.157.235.44,wppqgxx.io,A,NXDOMAIN,,IN,57,243.168.252.19,Truncated,9,54728,81,e-commerce,NXDOMAIN Attack
2023-05-27T19:18:43.755312,21.245.83.246,a6lar6iu36jk.xyz,CNAME,SERVFAIL,,IN,208,68.109.114.42,Suspicious Query,15507,31929,180,malicious,Data Exfiltration/DGA Activity
2023-10-14T00:56:50.134934,207.175.143.237,wsjmyqzxy.com,CNAME,NXDOMAIN,54.124.37.194,IN,403,251.37.94.27,Truncated,15,42607,150,social,NXDOMAIN Attack
2023-02-28T08:36:53.903261,8.147.184.246,qobdwqimt.com,TXT,SERVFAIL,,IN,26,64.214.33.84,Truncated,51380,36287,99,news,Normal
2023-06-27T08:43:27.572585,191.91.155.194,dracfba.org,A,NOERROR,,IN,29,246.208.29.46,Truncated,58945,53,188,social,DDoS Attack
2023-06-15T18:07:46.117008,150.218.105.147,yqfpofrymc.io,A,NOERROR,,IN,47,203.72.194.79,Recursion Desired,42912,443,158,e-commerce,DDoS Attack
2023-06-03T05:50:00.114170,50.91.158.26,brfzzxs.org,MX,NOERROR,99.38.131.151,IN,46,227.127.54.19,Truncated,24880,53,21,random,DDoS Attack
2023-08-29T23:52:47.020601,19.190.171.196,rkyxa.net,A,NOERROR,,IN,11,242.121.101.242,Recursion Desired,3027,443,136,news,DDoS Attack
2023-07-26T15:45:36.300499,181.139.236.24,yydlvzvoio.io,TXT,NOERROR,183.113.11.152,IN,10,254.116.217.0,Truncated,66665,53,101,social,DDoS Attack
2023-03-28T20:29:48.149993,213.127.121.251,rriccsvxef.com,TXT,NXDOMAIN,,IN,476,82.183.235.102,Standard Query,16,39970,145,random,NXDOMAIN Attack
2023-05-27T12:01:08.616837,172.124.180.62,ijdaahcdv.io,AAAA,SERVFAIL,,IN,263,53.74.27.128,Recursion Desired,38952,53928,79,random,Normal
2023-06-16T02:28:03.808655,200.228.54.224,adyouq.org,A,SERVFAIL,,IN,393,235.64.43.151,Standard Query,82167,17391,32,social,Normal
2023-08-25T14:04:48.429176,54.220.242.145,ugg98l92mb.xyz,MX,REFUSED,,IN,108,78.153.1.183,Suspicious Query,9430,58149,202,news,Data Exfiltration/DGA Activity
2023-05-06T02:20:28.540755,26.251.87.112,fhnon.com,MX,SERVFAIL,170.103.51.215,IN,186,241.59.230.117,Standard Query,1,27245,53,social,DNS Poisoning
2023-11-22T12:40:59.025663,204.16.7.78,kayiroay.xyz,A,NXDOMAIN,,IN,239,108.184.13.100,Recursion Desired,60909,10280,119,social,Normal
2023-04-29T17:58:14.447016,121.18.138.231,nbiccr.io,MX,SERVFAIL,23.67.40.107,IN,77,129.228.149.5,Recursion Desired,86400,21291,46,e-commerce,DNS Poisoning
2023-11-07T02:53:33.888160,20.170.46.250,kazjidsg.xyz,A,NXDOMAIN,205.105.78.244,IN,389,163.114.11.244,Truncated,49,21071,174,social,NXDOMAIN Attack
2023-02-21T12:26:00.897970,252.121.168.211,sovmm5sxlkei05.xyz,A,REFUSED,,IN,198,209.85.82.92,Suspicious Query,76086,25605,170,malicious,Data Exfiltration/DGA Activity
2023-01-31T10:54:32.573135,106.184.106.201,grmupa.com,AAAA,NOERROR,,IN,17,26.235.36.232,Standard Query,69785,443,78,news,DDoS Attack
2023-05-24T15:44:01.363565,21.9.197.244,ukrjq.org,CNAME,NXDOMAIN,,IN,350,216.143.159.230,Standard Query,11,65318,113,malicious,NXDOMAIN Attack
2023-07-27T04:34:36.814214,89.89.36.76,rcasso.io,TXT,NOERROR,,IN,20,244.93.222.195,Truncated,51111,53,57,random,DDoS Attack
2023-04-06T18:13:56.485091,153.36.206.60,okvzmmut.net,TXT,NOERROR,,IN,22,58.194.246.202,Recursion Desired,77570,53,190,random,DDoS Attack
2023-01-07T02:38:42.884990,124.213.70.191,xsxokzl.org,AAAA,REFUSED,,IN,482,181.139.54.227,Recursion Desired,38863,60842,176,news,Normal
2023-12-16T03:12:49.477289,210.164.100.69,bznmlq.com,MX,NOERROR,,IN,3,101.155.183.247,Recursion Desired,54186,53,178,e-commerce,DDoS Attack
2023-10-04T09:52:04.839841,63.136.254.175,zryxzy.com,MX,NOERROR,102.227.187.235,IN,10,231.60.190.94,Standard Query,49191,443,67,random,DDoS Attack
2023-12-12T02:41:38.014546,47.116.119.123,tda98dd2rrgqelvl5.xyz,A,NXDOMAIN,,IN,235,64.116.195.71,Suspicious Query,86106,38868,181,social,Data Exfiltration/DGA Activity
2023-01-27T14:34:48.410268,122.60.245.45,5ytn86ccg0v.xyz,MX,NXDOMAIN,,IN,456,250.66.159.90,Suspicious Query,64258,34207,132,e-commerce,Data Exfiltration/DGA Activity
2023-12-28T09:16:30.760413,64.82.40.145,veytnojn.com,AAAA,NXDOMAIN,,IN,492,143.176.108.204,Standard Query,3,6106,27,random,NXDOMAIN Attack
2023-08-21T05:35:12.351985,245.59.53.9,rqaoyo.com,CNAME,NOERROR,,IN,34,61.37.118.193,Recursion Desired,47081,443,177,news,DDoS Attack
2023-02-15T12:39:10.012517,59.162.196.26,loavi.io,MX,NOERROR,,IN,5,216.33.41.93,Standard Query,11197,53,171,random,DDoS Attack
2023-05-30T23:16:44.662313,51.248.104.84,jxtim.com,TXT,NOERROR,107.235.83.89,IN,63,245.187.114.174,Truncated,1,8029,64,malicious,DNS Poisoning
2023-07-18T12:38:38.678276,26.160.234.92,fphtzysu.io,CNAME,REFUSED,,IN,442,246.183.120.120,Recursion Desired,52652,5581,42,malicious,Normal
2023-05-20T17:31:00.011538,22.111.4.52,evbqaivk.xyz,MX,NXDOMAIN,,IN,433,20.217.154.40,Recursion Desired,58,57550,173,random,NXDOMAIN Attack
2023-09-15T03:15:17.460083,26.158.74.115,rgjmkn.org,MX,NXDOMAIN,,IN,155,204.3.112.97,Truncated,31,56438,141,social,NXDOMAIN Attack
2023-03-20T19:54:04.854239,33.248.213.160,fjw45ycj2l.xyz,CNAME,REFUSED,,IN,300,244.50.230.214,Suspicious Query,58320,59509,233,e-commerce,Data Exfiltration/DGA Activity
2023-11-15T16:08:41.726137,234.100.115.33,adwhw.io,MX,REFUSED,197.28.16.225,IN,14,69.245.10.14,Truncated,86400,5891,76,social,DNS Poisoning
2023-05-26T15:51:49.731874,63.210.39.152,oysmm.net,MX,NOERROR,48.230.136.82,IN,197,236.172.21.12,Truncated,1,61577,155,social,DNS Poisoning
2023-11-18T00:46:10.669725,179.227.118.171,ge7go6qlov5dqdgz59u.xyz,MX,NOERROR,208.136.241.235,IN,131,249.104.199.166,Suspicious Query,10567,20289,108,malicious,Data Exfiltration/DGA Activity
2023-06-30T12:36:50.184775,230.201.116.166,qkbtqgiwlr.com,CNAME,NXDOMAIN,214.85.84.65,IN,149,187.53.122.131,Truncated,1,56043,171,e-commerce,DNS Poisoning
2023-07-06T20:46:46.789885,228.144.160.63,akjrld.org,AAAA,NXDOMAIN,,IN,386,39.39.97.70,Truncated,2,40725,108,random,NXDOMAIN Attack
2023-10-15T18:09:28.328966,41.39.55.95,dtmr8gow4pvm0l7h.xyz,A,NOERROR,135.15.158.59,IN,72,126.181.179.144,Suspicious Query,14165,34698,189,e-commerce,Data Exfiltration/DGA Activity
2023-03-28T11:09:34.823137,39.250.174.94,iuxgte.io,AAAA,NXDOMAIN,190.166.199.250,IN,129,246.35.59.153,Recursion Desired,86400,30516,156,news,DNS Poisoning
2023-08-02T00:35:22.790444,74.225.22.14,hnczzv.org,CNAME,SERVFAIL,,IN,285,86.103.29.122,Standard Query,62508,20240,69,malicious,Normal
2023-10-14T16:52:58.602977,84.117.33.164,czorkfaw.org,MX,REFUSED,,IN,256,123.100.242.170,Standard Query,7267,44353,134,news,Normal
2023-04-15T00:07:03.790787,194.161.20.9,cubpsrob.xyz,CNAME,SERVFAIL,,IN,461,194.247.237.200,Standard Query,61279,39782,165,social,Normal
2023-08-10T00:42:43.628553,249.122.206.110,cmdjam.io,AAAA,REFUSED,16.175.163.180,IN,394,127.101.209.84,Standard Query,1,19581,127,news,DNS Poisoning
2023-01-08T07:39:40.181741,151.120.21.89,aogaut.net,TXT,NXDOMAIN,,IN,435,197.3.183.181,Recursion Desired,39,3001,140,e-commerce,NXDOMAIN Attack
2023-07-12T19:59:47.919328,12.47.138.31,hmxllxqq.io,CNAME,NXDOMAIN,,IN,393,241.72.87.47,Standard Query,5153,31065,132,social,Normal
2023-12-27T21:14:37.738647,70.83.46.36,cejutw.com,MX,NXDOMAIN,,IN,26,11.185.176.119,Truncated,26,15489,37,social,NXDOMAIN Attack
2023-08-11T18:35:35.979404,232.142.58.161,spkyveby.com,A,NXDOMAIN,,IN,274,81.54.224.244,Standard Query,30,8516,113,news,NXDOMAIN Attack
2023-07-10T23:44:32.060272,27.56.93.146,drvzp.org,TXT,NXDOMAIN,,IN,141,243.150.115.92,Standard Query,59,51170,29,social,NXDOMAIN Attack
2023-01-02T06:34:15.148604,0.179.25.112,ambt9t2q25m.xyz,A,NOERROR,64.203.48.176,IN,406,19.83.126.24,Suspicious Query,16110,36159,194,random,Data Exfiltration/DGA Activity
2023-10-02T12:41:39.555160,153.30.0.217,etntangfu.com,AAAA,REFUSED,100.125.187.42,IN,383,63.35.204.189,Standard Query,1,49603,140,social,DNS Poisoning
2023-12-03T16:59:50.874104,127.211.152.120,yaucvjb.net,A,NXDOMAIN,167.6.11.214,IN,445,164.46.133.173,Standard Query,86400,25212,23,news,DNS Poisoning
2023-03-16T13:11:23.242085,58.57.10.76,rclpu.net,A,NOERROR,178.97.237.79,IN,24,96.216.106.148,Recursion Desired,12438,443,89,news,DDoS Attack
2023-10-15T17:58:35.764178,238.149.147.9,bi2zzdv2f0gfc6wk5u.xyz,TXT,NOERROR,26.179.100.223,IN,73,55.146.117.155,Suspicious Query,34105,2653,239,social,Data Exfiltration/DGA Activity
2023-03-23T08:41:55.760154,247.246.34.235,dnqrnnqukd.io,AAAA,NOERROR,96.130.6.130,IN,12,100.165.117.115,Recursion Desired,75768,50736,62,malicious,Normal
2023-06-06T02:41:40.246957,110.213.81.234,5u20u1rbbu08j.xyz,TXT,SERVFAIL,,IN,170,253.54.106.171,Suspicious Query,61242,13183,230,social,Data Exfiltration/DGA Activity
2023-12-16T14:25:59.227878,139.207.97.199,qqguyl.net,A,NOERROR,203.175.182.91,IN,23,222.120.94.250,Truncated,27350,53,161,social,DDoS Attack
2023-11-14T01:44:51.872597,135.41.158.241,dnk4t0mcb3a8jv8.xyz,MX,NXDOMAIN,,IN,252,75.247.132.219,Suspicious Query,61310,33524,175,random,Data Exfiltration/DGA Activity
2023-07-15T05:23:15.277814,255.251.4.138,gbrrhkwrw.net,MX,NXDOMAIN,,IN,467,95.107.11.246,Truncated,75911,5712,123,random,Normal
2023-05-11T02:57:42.969853,11.153.194.152,ocxmjdkb.net,AAAA,SERVFAIL,,IN,92,58.204.178.207,Truncated,39281,2223,101,social,Normal
2023-04-30T17:44:15.683162,114.222.98.151,ikmrrwkn.com,CNAME,NOERROR,,IN,17,157.196.150.66,Standard Query,70450,53,143,social,DDoS Attack
2023-10-25T04:57:39.479836,91.203.139.20,nhlpbamk.net,A,REFUSED,214.19.50.104,IN,123,173.174.211.238,Standard Query,86400,12432,151,social,DNS Poisoning
2023-04-15T01:52:37.899515,72.47.172.216,c9a1zndvxbk.xyz,A,SERVFAIL,,IN,113,60.167.162.92,Suspicious Query,37546,3701,180,news,Data Exfiltration/DGA Activity
2023-12-07T11:01:44.616461,83.85.216.44,hltjaglii.io,AAAA,NXDOMAIN,,IN,303,118.138.89.253,Recursion Desired,8,30384,174,random,NXDOMAIN Attack
2023-06-25T07:37:59.759708,125.89.183.76,lxuvhdqgs.com,TXT,SERVFAIL,,IN,230,37.153.83.167,Recursion Desired,60432,17582,44,random,Normal
2023-12-25T02:22:01.005322,64.26.230.66,jhqycsz.xyz,A,NOERROR,222.72.31.212,IN,72,115.117.186.182,Truncated,33521,46485,56,social,Normal
2023-03-03T12:23:39.343316,143.152.253.139,vqbozqx.com,CNAME,NOERROR,,IN,1,239.120.194.163,Standard Query,57326,53,89,e-commerce,DDoS Attack
2023-04-11T05:20:33.933228,254.111.25.253,ymajzn.xyz,MX,NOERROR,150.226.220.55,IN,353,207.172.194.46,Truncated,33433,11066,150,news,Normal
2023-10-24T15:12:17.705700,197.163.172.87,sljgvu.net,A,SERVFAIL,,IN,240,162.128.121.77,Truncated,29682,61942,132,social,Normal
2023-11-02T22:31:06.988056,181.173.35.192,euahb.xyz,CNAME,NXDOMAIN,181.142.97.244,IN,357,102.119.249.212,Standard Query,1,23441,98,social,DNS Poisoning
2023-07-20T06:26:46.780463,244.11.28.187,ngtjockpcr.net,MX,NXDOMAIN,108.213.126.236,IN,231,46.229.149.87,Recursion Desired,86400,29440,175,e-commerce,DNS Poisoning
2023-04-19T16:24:26.613702,226.175.220.81,fwrfaai.com,TXT,SERVFAIL,,IN,26,235.61.28.114,Truncated,56574,63503,63,random,Normal
2023-09-08T03:32:59.741140,28.113.105.147,kmbypvzgmt.org,MX,NOERROR,64.33.209.81,IN,29,78.192.102.46,Recursion Desired,27474,443,189,social,DDoS Attack
2023-05-18T03:49:40.549143,138.16.159.31,hboyomsn.net,A,NOERROR,174.84.107.220,IN,15,122.4.7.79,Truncated,4114,443,156,social,DDoS Attack
2023-06-27T17:32:48.508511,63.80.7.236,jmvzon.io,A,REFUSED,20.177.146.162,IN,15,198.205.184.44,Recursion Desired,1,52478,32,e-commerce,DNS Poisoning
2023-11-29T03:40:46.450264,133.61.146.127,1n25emzsbb5txa.xyz,A,SERVFAIL,,IN,484,99.33.195.221,Suspicious Query,80036,53273,233,social,Data Exfiltration/DGA Activity
2023-06-11T04:12:38.431030,48.101.250.97,lqxm5hie9fmveclq61c.xyz,CNAME,REFUSED,,IN,350,207.243.232.131,Suspicious Query,50763,34514,136,social,Data Exfiltration/DGA Activity
2023-08-20T18:57:53.539586,134.173.85.162,dzetyzwusj.org,A,NXDOMAIN,,IN,492,230.255.39.176,Truncated,41,48494,73,random,NXDOMAIN Attack
2023-12-07T18:28:01.705441,231.106.214.198,yyja0tk42a7y.xyz,AAAA,REFUSED,,IN,468,219.97.247.250,Suspicious Query,18284,57451,145,social,Data Exfiltration/DGA Activity
2023-09-23T22:41:21.890668,191.120.239.123,kamqoelf.org,A,SERVFAIL,74.8.248.247,IN,476,52.108.51.17,Standard Query,86400,2712,47,malicious,DNS Poisoning
2023-04-26T02:59:32.947203,237.42.62.221,xfjyzzxfpb.io,AAAA,NXDOMAIN,,IN,347,100.253.166.40,Standard Query,48,57313,73,malicious,NXDOMAIN Attack
2023-09-12T10:02:46.957220,13.189.36.105,xvatubslhw.xyz,CNAME,NOERROR,184.29.234.110,IN,23,1.172.5.215,Standard Query,53998,53,144,news,DDoS Attack
2023-10-05T23:53:20.745318,42.81.21.236,dgtebnjg.xyz,A,NOERROR,16.150.167.15,IN,247,42.171.21.153,Truncated,2991,53430,197,news,Normal
2023-01-05T01:57:16.896521,143.253.109.170,tiypm.xyz,MX,NXDOMAIN,,IN,208,50.214.174.252,Standard Query,50,1054,105,social,NXDOMAIN Attack
2023-11-01T05:53:17.897250,159.76.94.115,9a1s8qyvceoe4ej.xyz,MX,SERVFAIL,,IN,446,232.160.195.157,Suspicious Query,84983,20380,210,social,Data Exfiltration/DGA Activity
2023-09-04T04:05:21.866280,101.113.154.12,yjpji.net,MX,NOERROR,,IN,31,117.93.147.172,Truncated,64049,53,123,malicious,DDoS Attack
2023-03-30T08:14:34.454231,6.83.190.161,ea8c4sc9yj.xyz,A,NXDOMAIN,,IN,431,239.179.54.252,Suspicious Query,57100,65432,230,e-commerce,Data Exfiltration/DGA Activity
2023-10-01T15:12:21.528326,175.128.71.14,moyamz.xyz,CNAME,NXDOMAIN,,IN,310,5.2.229.132,Standard Query,55,38357,38,news,NXDOMAIN Attack
2023-11-08T00:09:08.361866,46.87.182.61,6emael13hnpw0hu.xyz,TXT,REFUSED,,IN,403,204.30.104.175,Suspicious Query,14472,31345,182,e-commerce,Data Exfiltration/DGA Activity
2023-05-26T06:39:33.361698,114.251.174.31,fbsce.xyz,A,NXDOMAIN,22.192.170.213,IN,223,23.90.244.98,Recursion Desired,1,50478,98,e-commerce,DNS Poisoning
2023-10-14T23:23:49.547440,190.200.129.203,ekvadqps.net,AAAA,REFUSED,,IN,184,133.5.66.223,Truncated,49350,45853,107,news,Normal
2023-09-28T09:24:53.272816,9.236.156.182,fnkywl.net,CNAME,REFUSED,,IN,399,222.132.19.145,Truncated,27019,35517,93,e-commerce,Normal
2023-09-10T09:18:28.664118,205.202.102.138,bvebqekoyew.xyz,MX,REFUSED,,IN,170,91.145.161.22,Suspicious Query,61016,35393,138,malicious,Data Exfiltration/DGA Activity
2023-04-14T10:54:37.191206,136.225.13.196,epkwk.xyz,CNAME,NOERROR,,IN,28,134.236.14.93,Truncated,8778,53,66,news,DDoS Attack
2023-04-16T01:04:14.323276,240.232.18.0,lcqcbud.com,MX,NXDOMAIN,,IN,343,160.181.163.196,Recursion Desired,12,2755,81,e-commerce,NXDOMAIN Attack
2023-06-21T01:52:20.693394,27.82.31.243,ztibxg46rmj9m31zkai5.xyz,AAAA,REFUSED,,IN,72,6.190.155.184,Suspicious Query,12251,31245,131,e-commerce,Data Exfiltration/DGA Activity
2023-07-27T17:59:11.409829,210.218.171.252,gkrryapdf.com,A,NOERROR,30.90.169.194,IN,264,19.57.95.75,Truncated,86400,61380,150,malicious,DNS Poisoning
2023-01-10T18:37:30.104637,134.204.137.125,azlwj.com,TXT,REFUSED,,IN,153,86.47.248.236,Truncated,55516,41127,76,social,Normal
2023-09-18T22:21:06.027467,7.5.55.35,kbmhirq.net,A,NOERROR,,IN,42,109.236.199.152,Truncated,10026,443,196,social,DDoS Attack
2023-09-22T09:46:50.934020,63.51.112.106,w4rrdhvx04xf5.xyz,A,SERVFAIL,,IN,254,87.160.197.144,Suspicious Query,41954,38439,189,random,Data Exfiltration/DGA Activity
2023-12-18T14:13:32.741124,2.104.26.198,zjj0r06dx5f4h0.xyz,MX,NXDOMAIN,,IN,286,178.222.77.252,Suspicious Query,75510,57051,208,malicious,Data Exfiltration/DGA Activity
2023-04-15T02:58:59.243018,117.209.114.232,foqkyhm.org,AAAA,NXDOMAIN,,IN,437,67.228.243.147,Recursion Desired,54,8575,111,random,NXDOMAIN Attack
2023-07-19T20:29:35.007331,217.18.35.198,9uvudftxlnxj7q0yzvy.xyz,MX,REFUSED,,IN,366,216.219.236.28,Suspicious Query,19797,36700,181,news,Data Exfiltration/DGA Activity
2023-01-23T07:28:41.110239,113.251.119.44,yjbbd.org,TXT,REFUSED,162.127.231.90,IN,389,101.0.135.108,Truncated,86400,4197,75,random,DNS Poisoning
2023-11-16T05:51:54.252356,137.78.31.88,aqovcubnex.org,AAAA,NOERROR,2.30.61.0,IN,151,18.183.70.172,Recursion Desired,17656,24183,96,e-commerce,Normal
2023-09-12T14:48:32.193113,35.251.184.200,vplceysscd.net,MX,NXDOMAIN,,IN,134,212.237.19.243,Truncated,50132,52270,159,news,Normal
2023-06-16T02:50:51.557482,192.72.142.108,cnqtvq30bk674c.xyz,CNAME,NOERROR,207.0.179.246,IN,210,12.183.181.138,Suspicious Query,71063,23309,244,news,Data Exfiltration/DGA Activity
2023-10-04T01:02:14.419599,69.94.12.19,fz711s0cc518bciaj4nj.xyz,MX,NXDOMAIN,,IN,313,167.237.122.13,Suspicious Query,29521,52002,221,social,Data Exfiltration/DGA Activity
2023-02-18T09:29:30.308894,107.73.4.150,okizmt.org,TXT,NXDOMAIN,246.231.41.119,IN,157,175.2.167.179,Standard Query,1,58177,75,news,DNS Poisoning
2023-06-03T16:15:04.146691,236.243.126.88,upqoiv.net,TXT,NXDOMAIN,,IN,57,250.229.61.84,Truncated,14,3515,150,e-commerce,NXDOMAIN Attack
2023-02-17T09:16:54.982253,151.41.105.69,ddbfdnavv.xyz,MX,SERVFAIL,,IN,301,77.161.11.215,Recursion Desired,45739,55027,163,malicious,Normal
2023-01-28T06:57:03.839227,148.151.158.77,g22pnbt7een.xyz,AAAA,SERVFAIL,,IN,493,25.152.128.119,Suspicious Query,72446,56752,126,news,Data Exfiltration/DGA Activity
2023-02-03T06:59:59.354921,88.131.8.121,oxvqmibf.com,CNAME,NOERROR,,IN,42,198.200.74.184,Standard Query,13568,53,74,social,DDoS Attack
2023-04-11T09:22:44.849894,111.189.222.60,izxisj.com,AAAA,NXDOMAIN,106.37.139.177,IN,153,247.107.250.87,Truncated,4,17401,45,e-commerce,NXDOMAIN Attack
2023-12-22T16:30:55.946485,65.161.216.17,nuyltytsg.com,MX,NOERROR,,IN,2,126.0.103.241,Recursion Desired,50240,53,69,malicious,DDoS Attack
2023-09-14T09:17:37.762784,233.222.162.214,kjlmmc.xyz,AAAA,NOERROR,,IN,7,95.141.50.208,Standard Query,17490,53,171,malicious,DDoS Attack
2023-05-30T13:40:50.412248,155.143.103.197,ru17ihs7uh4.xyz,MX,NXDOMAIN,,IN,28,103.128.234.58,Suspicious Query,72830,49565,218,news,Data Exfiltration/DGA Activity
2023-06-07T14:11:06.149344,57.151.192.101,dxamxrlice.com,A,NOERROR,226.51.255.123,IN,32,232.236.46.89,Standard Query,40153,443,134,news,DDoS Attack
2023-07-21T01:14:29.069916,138.229.60.162,6dytgopcu1uq4roh.xyz,MX,SERVFAIL,,IN,406,64.250.35.145,Suspicious Query,81934,3113,157,news,Data Exfiltration/DGA Activity
2023-04-25T04:54:58.396666,189.155.145.115,pbfgnnskg.net,A,NXDOMAIN,,IN,473,20.96.124.233,Standard Query,41,3750,132,social,NXDOMAIN Attack
2023-08-30T03:43:36.568809,50.220.245.203,yfrjjw.xyz,MX,NXDOMAIN,,IN,167,33.31.104.57,Recursion Desired,31,6203,132,news,NXDOMAIN Attack
2023-10-29T01:26:06.922344,225.72.145.28,8jyoknr4cinuvel1.xyz,AAAA,NOERROR,182.70.24.121,IN,399,151.8.130.144,Suspicious Query,61746,59165,126,e-commerce,Data Exfiltration/DGA Activity
2023-12-13T10:48:20.177605,34.97.90.12,axadbzg.org,MX,REFUSED,,IN,92,30.178.62.76,Standard Query,23017,35317,97,malicious,Normal
2023-11-06T08:09:06.457266,20.156.17.241,42jxr3apnomx.xyz,MX,REFUSED,,IN,480,63.1.227.201,Suspicious Query,67371,30730,239,social,Data Exfiltration/DGA Activity
2023-10-11T05:03:20.884256,199.60.195.192,kfzsyyuu.net,TXT,NXDOMAIN,,IN,94,43.23.157.189,Truncated,6,46043,195,e-commerce,NXDOMAIN Attack
2023-03-08T15:37:24.338903,84.245.97.172,whnss.xyz,TXT,NOERROR,,IN,19,243.240.7.37,Truncated,69340,443,179,news,DDoS Attack
2023-01-18T12:01:21.383553,128.83.49.188,lzly9a8c1o.xyz,TXT,REFUSED,,IN,281,225.219.203.148,Suspicious Query,14192,20100,103,random,Data Exfiltration/DGA Activity
2023-07-04T19:30:51.024651,51.49.130.196,lizxicsnt.xyz,TXT,REFUSED,82.33.73.52,IN,454,65.162.67.122,Recursion Desired,86400,35017,190,malicious,DNS Poisoning
2023-02-23T17:07:01.039316,12.198.18.69,bdeauagrd.io,AAAA,SERVFAIL,173.139.2.87,IN,59,12.168.117.96,Standard Query,86400,64673,46,news,DNS Poisoning
2023-07-05T20:41:14.262520,151.27.154.159,oxcuke.org,TXT,NXDOMAIN,,IN,35,169.28.233.106,Standard Query,57,29757,81,news,NXDOMAIN Attack
2023-11-16T11:00:19.793299,73.102.73.21,b8uogxehhzsczoi.xyz,A,NXDOMAIN,,IN,59,3.96.27.54,Suspicious Query,27829,19131,170,news,Data Exfiltration/DGA Activity
2023-11-16T11:07:01.861252,179.60.13.70,oejgp0rio3.xyz,MX,SERVFAIL,,IN,123,178.134.236.108,Suspicious Query,56295,2836,206,news,Data Exfiltration/DGA Activity
2023-06-03T10:10:58.414327,47.219.47.62,fbitxlb.io,MX,NXDOMAIN,,IN,308,68.206.81.85,Standard Query,59201,8015,29,social,Normal
2023-08-25T07:04:09.571553,143.210.22.197,incngj.org,MX,NOERROR,,IN,7,241.52.103.204,Truncated,80306,443,119,e-commerce,DDoS Attack
2023-06-01T12:46:21.666058,35.45.215.252,vxnropb3r9.xyz,A,NOERROR,199.3.166.33,IN,394,40.28.191.133,Suspicious Query,29766,56752,181,random,Data Exfiltration/DGA Activity
2023-08-21T19:48:25.101505,19.215.72.159,buxd38ylgh41008r.xyz,MX,NXDOMAIN,,IN,359,128.162.58.116,Suspicious Query,47373,50199,237,malicious,Data Exfiltration/DGA Activity
2023-07-08T22:48:30.748415,235.25.144.76,cuewsyrkoi.xyz,MX,NXDOMAIN,100.133.80.104,IN,326,224.179.147.250,Standard Query,14,40453,135,social,NXDOMAIN Attack
2023-05-29T06:10:28.061957,77.233.94.24,z9tp3dkz7uznr9a0ot.xyz,TXT,NXDOMAIN,,IN,409,129.6.36.54,Suspicious Query,60497,38507,166,news,Data Exfiltration/DGA Activity
2023-02-14T18:42:44.104694,29.135.217.69,xwtbz.xyz,MX,NXDOMAIN,83.48.249.45,IN,276,245.188.186.96,Recursion Desired,2,21740,26,malicious,NXDOMAIN Attack
2023-09-30T08:54:00.016977,19.112.203.4,oqtxsz.net,TXT,REFUSED,30.39.74.46,IN,449,204.155.23.24,Standard Query,1,55313,67,social,DNS Poisoning
2023-11-16T23:27:06.870657,5.139.105.144,fmclorrlhj.io,CNAME,NOERROR,,IN,9,224.0.3.73,Standard Query,62129,53,108,malicious,DDoS Attack
2023-12-17T06:14:39.718113,195.144.227.143,6qn87sch9q02tp.xyz,CNAME,REFUSED,,IN,337,72.20.215.194,Suspicious Query,29318,23207,170,news,Data Exfiltration/DGA Activity
2023-03-20T08:13:55.422800,145.14.87.240,qmzyymerat.net,AAAA,NXDOMAIN,2.135.131.40,IN,110,36.97.163.6,Recursion Desired,49,19889,72,social,NXDOMAIN Attack
2023-04-21T00:01:08.719439,30.130.199.39,mnscyooob.org,TXT,NOERROR,171.131.6.34,IN,38,218.54.220.11,Truncated,12604,53,112,random,DDoS Attack
2023-05-13T10:14:58.954408,46.113.254.41,6tu72it4b2essej19s6.xyz,MX,NOERROR,166.174.130.139,IN,498,145.250.81.249,Suspicious Query,55173,14215,208,e-commerce,Data Exfiltration/DGA Activity
2023-12-27T17:55:40.395844,109.72.76.236,zdueqokdjl.io,MX,NXDOMAIN,,IN,185,190.197.102.246,Standard Query,56003,54075,20,random,Normal
2023-12-03T11:33:55.112048,191.134.156.28,ikrxyzqu.io,AAAA,NOERROR,201.68.142.136,IN,460,119.15.50.50,Standard Query,1,11201,38,news,DNS Poisoning
2023-02-25T00:03:31.027522,215.140.159.49,pcfk59exa0.xyz,CNAME,SERVFAIL,,IN,15,19.211.55.108,Suspicious Query,54721,13147,202,malicious,Data Exfiltration/DGA Activity
2023-08-07T02:12:17.883130,131.109.114.62,bmkdcupoyf.xyz,TXT,REFUSED,,IN,308,222.134.39.218,Recursion Desired,26524,52396,27,news,Normal
2023-03-27T19:06:33.853079,216.12.162.13,flcwm.org,TXT,NXDOMAIN,,IN,334,250.177.29.160,Standard Query,29,42822,90,social,NXDOMAIN Attack
2023-03-15T17:18:16.453765,214.39.131.49,qxgnlu.org,AAAA,NOERROR,,IN,22,134.188.180.66,Standard Query,62825,443,27,random,DDoS Attack
2023-08-29T19:49:21.566171,39.214.233.233,xokewl.xyz,TXT,NOERROR,,IN,36,39.124.129.75,Recursion Desired,23243,53,164,malicious,DDoS Attack
2023-08-27T08:13:05.461445,115.170.52.108,vqlnvoz.com,CNAME,NOERROR,,IN,4,214.172.25.208,Recursion Desired,38041,443,122,news,DDoS Attack
2023-12-22T07:30:53.819639,149.90.23.229,qghvegs.com,CNAME,NOERROR,,IN,46,208.176.251.38,Recursion Desired,46892,53,76,malicious,DDoS Attack
2023-06-25T13:34:48.929571,207.11.238.146,pqjfvw.org,MX,REFUSED,18.61.219.2,IN,229,237.200.44.31,Standard Query,86400,30726,185,malicious,DNS Poisoning
2023-09-16T11:25:58.416724,60.217.33.130,hbtgj.org,AAAA,NXDOMAIN,140.155.112.127,IN,442,9.147.159.157,Standard Query,1,12480,88,e-commerce,DNS Poisoning
2023-06-16T14:55:14.598563,246.149.199.229,lbfixnbzx.net,CNAME,NXDOMAIN,,IN,66,13.138.120.49,Standard Query,24,55407,63,random,NXDOMAIN Attack
2023-05-26T21:11:06.263942,73.25.77.154,tx688gzp7xelc34exd0i.xyz,AAAA,REFUSED,,IN,443,20.178.132.248,Suspicious Query,8354,9179,154,malicious,Data Exfiltration/DGA Activity
2023-06-05T01:57:08.403088,176.184.124.1,zswladtop.io,MX,SERVFAIL,,IN,366,184.235.0.179,Standard Query,4499,34719,159,malicious,Normal
2023-07-14T11:07:53.326266,93.112.93.133,tigzroaw.net,CNAME,NXDOMAIN,,IN,407,62.212.125.220,Recursion Desired,51,45803,52,social,NXDOMAIN Attack
2023-01-06T22:05:30.691313,107.190.177.32,gcjrlj.org,AAAA,NOERROR,,IN,27,206.221.148.50,Truncated,63601,443,33,malicious,DDoS Attack
2023-10-18T18:33:55.689821,178.108.36.127,sbuyoenm.xyz,MX,NXDOMAIN,,IN,408,157.16.169.199,Recursion Desired,57,49673,134,social,NXDOMAIN Attack
2023-04-05T13:35:30.912802,192.227.188.162,hrfhwyer.xyz,A,NXDOMAIN,,IN,413,109.9.127.64,Standard Query,51,6115,38,news,NXDOMAIN Attack
2023-08-15T06:29:15.450810,24.132.229.201,itsemy.io,AAAA,NXDOMAIN,98.2.9.33,IN,369,236.192.165.121,Truncated,52,39640,73,e-commerce,NXDOMAIN Attack
2023-10-06T05:24:59.486469,192.32.156.193,zhcpca.net,MX,NXDOMAIN,,IN,353,66.38.52.162,Recursion Desired,59,40227,190,news,NXDOMAIN Attack
2023-04-07T11:16:56.440173,244.189.56.141,lvmrqacp.org,CNAME,NOERROR,,IN,2,80.128.58.97,Standard Query,40560,53,79,random,DDoS Attack
2023-05-03T02:09:03.551716,179.240.193.248,ihdmcme.com,MX,NXDOMAIN,,IN,334,127.143.241.242,Recursion Desired,34,22956,172,random,NXDOMAIN Attack
2023-07-12T20:18:34.910593,204.132.75.86,tdgcphueak.xyz,A,SERVFAIL,,IN,491,8.16.135.112,Truncated,46841,19184,50,social,Normal
2023-10-13T20:31:44.843751,125.247.250.84,49yyglzv6k4r6ozyhxjx.xyz,MX,SERVFAIL,,IN,420,2.136.124.41,Suspicious Query,35645,13960,148,random,Data Exfiltration/DGA Activity
2023-05-17T09:54:20.475385,170.132.136.183,xfqcuuu.xyz,CNAME,NOERROR,,IN,4,200.123.176.63,Recursion Desired,28115,443,95,e-commerce,DDoS Attack
2023-02-21T12:32:35.800754,44.168.62.187,mbtaaojr.net,MX,NXDOMAIN,,IN,69,88.238.93.190,Standard Query,71561,20601,186,e-commerce,Normal
2023-11-06T12:32:33.888835,44.120.133.67,iyxnhtic21klvtm.xyz,AAAA,SERVFAIL,,IN,235,123.129.106.105,Suspicious Query,52081,36122,191,social,Data Exfiltration/DGA Activity
2023-05-31T18:04:41.554183,43.93.146.208,ppjmhe.com,CNAME,SERVFAIL,,IN,306,230.82.209.20,Standard Query,9893,42282,171,news,Normal
2023-06-20T13:16:07.062939,174.248.156.209,cvbpqcftp.org,A,NOERROR,147.51.224.57,IN,430,18.153.252.53,Recursion Desired,1,25621,81,e-commerce,DNS Poisoning
2023-07-27T02:05:26.980285,233.198.116.162,oxbvbekjqr.org,A,NOERROR,2.253.74.234,IN,116,173.96.107.200,Recursion Desired,18104,64794,89,malicious,Normal
2023-11-08T07:22:55.548859,78.30.110.14,izecvkxc.com,A,NOERROR,141.181.89.153,IN,403,201.197.208.71,Standard Query,25946,18407,96,social,Normal
2023-08-04T19:42:12.351266,157.225.238.141,leoeoaqppu.io,TXT,NOERROR,71.177.164.245,IN,18,118.191.163.203,Truncated,76454,53,159,e-commerce,DDoS Attack
2023-10-17T10:57:57.563953,128.53.180.99,tmjgkffkh.io,AAAA,NXDOMAIN,,IN,490,160.4.18.50,Truncated,19,61517,47,malicious,NXDOMAIN Attack
2023-05-25T12:30:05.560395,104.68.177.3,hicfzahnu.io,CNAME,SERVFAIL,,IN,301,88.168.202.224,Standard Query,79402,63543,195,e-commerce,Normal
2023-10-19T21:34:22.980117,211.54.146.30,bcbupxjxiy.xyz,A,NXDOMAIN,,IN,36,182.217.83.95,Recursion Desired,56,15324,66,news,NXDOMAIN Attack
2023-09-25T19:12:36.445098,74.211.158.192,gpswinx64qi7zk423.xyz,A,REFUSED,,IN,342,43.2.219.2,Suspicious Query,54830,59051,241,social,Data Exfiltration/DGA Activity
2023-03-16T19:50:40.184664,43.91.244.220,oqwlmofjxm.com,A,NOERROR,94.12.89.99,IN,390,190.10.45.116,Standard Query,18985,1037,169,social,Normal
2023-12-20T13:30:35.564004,18.48.235.100,pbsoqp.com,CNAME,NXDOMAIN,,IN,287,118.159.201.127,Standard Query,59,56801,135,random,NXDOMAIN Attack
2023-05-25T21:59:35.278280,16.207.237.254,eyuto.net,CNAME,NXDOMAIN,,IN,39,49.11.122.228,Recursion Desired,51,45289,87,malicious,NXDOMAIN Attack
2023-12-17T06:27:09.303495,211.82.10.240,jdawf.xyz,MX,NXDOMAIN,20.51.167.61,IN,128,99.94.195.202,Truncated,1,18509,181,e-commerce,DNS Poisoning
2023-01-28T11:04:40.268297,231.175.79.193,qljj758i0rl.xyz,TXT,NXDOMAIN,,IN,438,78.61.212.48,Suspicious Query,56132,36355,124,social,Data Exfiltration/DGA Activity
2023-11-15T02:55:39.642312,227.97.108.199,irhq5q7wom.xyz,CNAME,SERVFAIL,,IN,469,191.37.52.90,Suspicious Query,65897,42366,122,news,Data Exfiltration/DGA Activity
2023-05-09T14:14:06.040119,126.147.33.169,scvuf.xyz,MX,SERVFAIL,224.23.111.44,IN,310,140.206.14.59,Standard Query,86400,63395,54,e-commerce,DNS Poisoning
2023-11-24T05:22:07.656270,38.61.128.163,rxlsxybdit.io,MX,NOERROR,,IN,50,148.105.185.13,Recursion Desired,18314,443,67,malicious,DDoS Attack
2023-03-21T19:20:09.281589,167.159.214.169,iwxmlgwn.org,TXT,NOERROR,,IN,14,169.128.236.123,Standard Query,55137,443,126,social,DDoS Attack
2023-12-23T12:34:37.371799,4.79.124.7,nkrbkuhy.io,AAAA,NOERROR,211.224.16.63,IN,42,111.65.143.145,Standard Query,60770,53,70,malicious,DDoS Attack
2023-12-21T12:29:08.395471,20.71.150.209,amncqetkfg.io,MX,NOERROR,155.32.115.26,IN,446,210.60.213.228,Truncated,11118,3985,103,random,Normal
2023-05-27T05:15:29.478615,71.67.165.66,ptz2owe6wwhms20pzn.xyz,AAAA,NOERROR,153.124.193.218,IN,362,122.213.120.201,Suspicious Query,42713,27145,221,e-commerce,Data Exfiltration/DGA Activity
2023-10-13T19:13:59.422402,219.26.14.218,hqzryfxdjj.net,TXT,NOERROR,149.239.187.85,IN,493,148.24.55.159,Recursion Desired,86400,10209,98,social,DNS Poisoning
2023-12-21T00:01:09.091900,214.199.202.162,lbjimbigc.org,MX,NOERROR,,IN,9,219.220.236.106,Standard Query,44144,443,141,random,DDoS Attack
2023-03-25T07:48:30.426291,244.7.187.59,shqumzi.com,AAAA,NOERROR,161.237.106.152,IN,1,103.87.167.143,Truncated,4080,443,182,social,DDoS Attack
2023-11-16T09:15:37.873986,71.237.226.98,vir2xubgd9s7s.xyz,MX,NOERROR,255.209.148.9,IN,430,44.86.223.64,Suspicious Query,54412,43359,212,social,Data Exfiltration/DGA Activity
2023-09-05T18:16:50.398877,78.129.226.143,oyi2rjmzf81.xyz,MX,NXDOMAIN,,IN,29,84.145.98.30,Suspicious Query,70723,32663,223,random,Data Exfiltration/DGA Activity
2023-10-30T23:01:43.469421,202.173.64.200,vptrlctuz.io,TXT,NXDOMAIN,,IN,138,72.46.13.63,Truncated,71408,34496,144,malicious,Normal
2023-05-18T21:48:10.554433,17.96.149.143,02x80voihsqw7.xyz,A,NOERROR,147.100.51.219,IN,101,66.82.25.164,Suspicious Query,85574,49827,208,random,Data Exfiltration/DGA Activity
2023-02-18T04:59:20.301120,58.22.140.236,gvfxsc.io,TXT,SERVFAIL,161.37.169.51,IN,496,31.0.64.237,Truncated,86400,61353,172,e-commerce,DNS Poisoning
2023-06-07T13:00:37.104805,17.51.118.14,xhtvxpi.io,AAAA,NXDOMAIN,,IN,290,151.32.242.180,Standard Query,47,13792,138,malicious,NXDOMAIN Attack
2023-05-17T13:36:47.566568,124.58.211.91,amprfkemud.org,MX,NOERROR,127.151.102.142,IN,255,119.46.115.130,Recursion Desired,86400,48430,70,e-commerce,DNS Poisoning
2023-10-20T01:54:49.305868,8.166.151.60,h3qdthle53k14s.xyz,CNAME,NOERROR,36.191.76.66,IN,276,255.237.183.233,Suspicious Query,49172,60991,243,social,Data Exfiltration/DGA Activity
2023-01-12T23:28:25.135720,236.14.244.139,knhrtzurv.org,CNAME,SERVFAIL,,IN,386,24.226.66.134,Recursion Desired,75301,56430,165,e-commerce,Normal
2023-03-23T00:03:34.206949,45.107.150.121,ntuogvfbaf.xyz,CNAME,NOERROR,203.219.164.228,IN,70,151.63.199.87,Truncated,1,20478,193,e-commerce,DNS Poisoning
2023-06-20T09:03:05.893460,134.45.63.104,ktsjksnikg.io,A,NXDOMAIN,,IN,403,175.130.35.40,Recursion Desired,36,62431,102,random,NXDOMAIN Attack
2023-08-16T21:35:12.955681,202.21.40.30,ehiwb.net,TXT,NXDOMAIN,,IN,32,174.120.51.161,Truncated,32,30778,109,e-commerce,NXDOMAIN Attack
2023-04-09T13:47:32.708213,97.39.68.178,fgnsixd.net,A,NOERROR,,IN,3,43.211.34.119,Recursion Desired,67650,443,139,social,DDoS Attack
2023-05-11T13:50:22.805987,43.112.63.244,lrwjkebc.org,A,NXDOMAIN,,IN,386,162.187.154.240,Truncated,27,58776,33,e-commerce,NXDOMAIN Attack
2023-07-06T09:24:03.603395,62.74.226.129,jls2lksmge.xyz,TXT,SERVFAIL,,IN,156,214.65.98.182,Suspicious Query,6885,5907,104,social,Data Exfiltration/DGA Activity
2023-09-20T00:15:25.100740,75.83.135.59,hfvtm.xyz,A,NXDOMAIN,,IN,320,55.255.152.120,Standard Query,37,56945,129,news,NXDOMAIN Attack
2023-02-27T12:03:18.208372,36.192.107.44,atqfiy.xyz,MX,NOERROR,,IN,3,37.252.4.211,Recursion Desired,24798,53,135,malicious,DDoS Attack
2023-08-06T05:25:25.614850,200.205.88.236,mfktezc.io,CNAME,NXDOMAIN,,IN,290,212.148.22.161,Standard Query,22,37752,178,random,NXDOMAIN Attack
2023-10-28T19:39:35.416411,44.219.180.39,pbsjz.org,CNAME,NXDOMAIN,5.66.50.201,IN,318,83.185.190.147,Truncated,13,27092,166,malicious,NXDOMAIN Attack
2023-05-29T13:08:56.814314,141.182.2.146,vsvdjhzfh.org,CNAME,NXDOMAIN,,IN,78,210.27.248.205,Standard Query,25,47195,78,news,NXDOMAIN Attack
2023-07-11T15:24:26.396765,118.162.90.5,fyypl.xyz,AAAA,NOERROR,,IN,28,37.61.164.184,Truncated,62828,53,72,news,DDoS Attack
2023-08-02T06:42:18.921077,103.89.158.79,kykax.xyz,AAAA,NOERROR,,IN,34,213.13.235.144,Standard Query,42248,443,89,news,DDoS Attack
2023-05-22T14:16:15.758077,218.248.185.24,acuojoji.io,A,NXDOMAIN,0.79.85.150,IN,145,93.107.80.157,Recursion Desired,1,33076,130,social,DNS Poisoning
2023-06-02T11:52:15.536306,225.63.71.153,01uug8dp4jaf1lok29i.xyz,TXT,NOERROR,207.121.231.143,IN,474,122.43.158.160,Suspicious Query,6861,50859,249,news,Data Exfiltration/DGA Activity
2023-08-11T02:07:58.381928,86.61.139.188,vvv4m5iz0o70qwvscty.xyz,CNAME,REFUSED,,IN,358,162.141.87.200,Suspicious Query,247,19657,166,random,Data Exfiltration/DGA Activity
2023-01-02T18:35:05.928580,97.87.5.251,leijqke.com,MX,SERVFAIL,150.58.60.109,IN,26,255.23.186.40,Recursion Desired,86400,6033,34,random,DNS Poisoning
2023-05-19T15:19:47.156144,75.30.77.143,hxkdopjt.io,CNAME,NOERROR,,IN,15,109.126.36.168,Truncated,43535,53,143,e-commerce,DDoS Attack
2023-08-07T15:51:56.067548,65.192.195.195,junrgb.xyz,A,NXDOMAIN,,IN,374,126.155.144.212,Truncated,6,36832,93,news,NXDOMAIN Attack
2023-12-07T14:04:14.855273,115.122.97.126,fzolsol.net,MX,NXDOMAIN,,IN,314,126.84.125.204,Recursion Desired,1480,10659,164,news,Normal
2023-01-26T15:47:45.397615,63.40.184.38,s37xieqtd4ib5u5c4lv2.xyz,MX,NOERROR,230.123.162.119,IN,246,255.170.197.103,Suspicious Query,5539,24390,113,e-commerce,Data Exfiltration/DGA Activity
2023-09-25T02:13:15.269297,173.77.42.72,jnscrhe.org,TXT,NXDOMAIN,,IN,216,63.231.111.28,Standard Query,22,53997,149,malicious,NXDOMAIN Attack
2023-04-23T15:12:34.527509,170.64.236.166,qvqwxlu1yir4cipddkh2.xyz,TXT,NOERROR,228.107.36.56,IN,119,212.204.14.5,Suspicious Query,81682,46012,249,social,Data Exfiltration/DGA Activity
2023-11-25T12:51:26.410640,167.222.246.200,z60gcxbdon50skjrfj.xyz,AAAA,NOERROR,125.126.216.213,IN,120,106.111.89.41,Suspicious Query,40816,41226,138,social,Data Exfiltration/DGA Activity
2023-04-02T14:14:45.838839,50.71.101.218,wftuyvhf1z3rhb.xyz,CNAME,REFUSED,,IN,322,230.3.117.29,Suspicious Query,72236,43703,166,malicious,Data Exfiltration/DGA Activity
2023-05-09T06:13:44.332375,18.124.16.11,yq0lk4zw7qro7mopvhcs.xyz,TXT,NOERROR,230.133.200.129,IN,205,190.208.129.201,Suspicious Query,73933,9754,155,malicious,Data Exfiltration/DGA Activity
2023-02-23T15:55:54.093556,153.246.221.124,xtqzzlq56roiqr40hl0.xyz,TXT,NXDOMAIN,,IN,158,248.105.43.92,Suspicious Query,53546,18707,151,e-commerce,Data Exfiltration/DGA Activity
2023-04-19T10:04:04.553833,6.243.76.175,hzxvmlo.xyz,A,NXDOMAIN,,IN,32,119.41.30.188,Truncated,48,1159,94,random,NXDOMAIN Attack
2023-11-05T20:52:48.073200,136.141.39.216,regnv.net,CNAME,REFUSED,124.69.147.217,IN,372,238.1.220.14,Standard Query,86400,46480,90,social,DNS Poisoning
2023-06-20T10:14:16.771342,235.161.206.42,hgjaxd.com,TXT,NXDOMAIN,,IN,458,95.131.190.32,Recursion Desired,38,15483,110,random,NXDOMAIN Attack
2023-01-02T09:07:14.755519,162.122.208.17,pqvodmmn.org,TXT,NOERROR,21.166.37.210,IN,69,87.13.247.38,Truncated,37662,44386,74,news,Normal
2023-05-05T19:58:30.589405,255.41.234.66,sokzzcfha.com,AAAA,NXDOMAIN,,IN,477,93.118.158.7,Recursion Desired,81302,46100,125,news,Normal
2023-08-09T19:25:00.054083,117.92.214.49,hbrhnhns.xyz,A,NOERROR,,IN,27,224.158.245.126,Recursion Desired,35784,53,69,malicious,DDoS Attack
2023-12-17T12:11:12.540692,91.74.16.185,ewfzzznmfh.net,CNAME,NOERROR,,IN,30,215.231.118.45,Recursion Desired,61202,443,27,malicious,DDoS Attack
2023-05-08T01:44:42.885392,15.182.199.34,tncbri.xyz,TXT,NXDOMAIN,,IN,396,220.250.112.141,Recursion Desired,5,57890,24,news,NXDOMAIN Attack
2023-03-16T15:46:10.931819,56.115.70.152,rdnemxys.io,TXT,NOERROR,105.201.4.123,IN,390,80.214.143.251,Truncated,5132,23800,51,malicious,Normal
2023-05-14T21:48:40.239755,234.177.225.51,eamwrodhjd.io,TXT,NOERROR,92.86.22.81,IN,419,85.26.162.245,Truncated,5768,18915,45,malicious,Normal
2023-02-03T06:25:44.803013,166.95.182.128,cccry.io,CNAME,NXDOMAIN,237.251.197.147,IN,16,122.173.227.95,Recursion Desired,1,45496,171,social,DNS Poisoning
2023-08-29T02:51:38.694715,33.84.222.206,wacuisdtg.xyz,CNAME,NOERROR,83.147.219.68,IN,81,207.0.147.69,Standard Query,86400,39309,104,social,DNS Poisoning
2023-11-04T12:10:35.424559,161.64.85.137,ytblzvp.net,CNAME,NXDOMAIN,,IN,60,122.16.22.116,Truncated,48,40577,78,malicious,NXDOMAIN Attack
2023-10-01T11:22:12.184504,169.6.57.168,t50u1p4rrpweqjck.xyz,MX,REFUSED,,IN,174,61.160.142.1,Suspicious Query,2340,56861,142,news,Data Exfiltration/DGA Activity
2023-10-04T11:23:35.670172,198.153.243.212,pzmshc.io,AAAA,NXDOMAIN,,IN,209,129.173.216.2,Truncated,9,13067,48,news,NXDOMAIN Attack
2023-09-11T01:00:19.015194,157.131.54.159,vqoojj.xyz,A,NOERROR,115.248.175.204,IN,48,213.253.202.55,Truncated,23669,54978,96,random,Normal
2023-02-14T07:37:37.836584,22.32.158.114,ddqjomn.io,TXT,NXDOMAIN,,IN,34,221.39.75.236,Truncated,41,23950,150,random,NXDOMAIN Attack
2023-11-08T15:49:37.340390,119.44.232.233,nrjbhvtbq.net,TXT,NOERROR,,IN,38,164.125.5.220,Standard Query,341,443,124,malicious,DDoS Attack
2023-01-27T02:02:09.681400,62.50.186.81,qy0bd4k2n6c494.xyz,TXT,SERVFAIL,,IN,381,183.95.75.62,Suspicious Query,28433,23354,186,malicious,Data Exfiltration/DGA Activity
2023-01-07T17:07:38.901958,230.195.136.84,hyt0brjpwdvai2ao59.xyz,A,NOERROR,72.46.243.255,IN,290,56.141.143.12,Suspicious Query,74519,48945,167,news,Data Exfiltration/DGA Activity
2023-05-31T00:44:23.311342,15.70.32.109,xabuap.io,A,NOERROR,155.172.126.253,IN,199,164.253.179.81,Truncated,41565,24372,147,e-commerce,Normal
2023-05-24T15:50:12.497961,179.143.15.249,bgamhhvhec.net,MX,NOERROR,,IN,4,158.106.219.185,Recursion Desired,69976,53,116,news,DDoS Attack
2023-07-28T15:35:50.962998,16.41.68.116,ydukiwwc.xyz,AAAA,NXDOMAIN,,IN,387,139.136.150.104,Truncated,49,6347,162,random,NXDOMAIN Attack
2023-12-10T13:25:04.527511,234.105.29.228,fmhxa.org,AAAA,NOERROR,188.225.26.3,IN,39,28.227.153.79,Recursion Desired,33416,53,135,malicious,DDoS Attack
2023-09-24T20:39:12.960342,28.74.43.17,xdqfi.io,TXT,REFUSED,,IN,70,22.26.146.197,Recursion Desired,8101,44732,53,e-commerce,Normal
2023-05-16T20:46:53.857278,72.132.137.46,t43cgkmhxg3c.xyz,MX,NOERROR,110.71.213.178,IN,467,107.65.64.119,Suspicious Query,19729,50056,104,news,Data Exfiltration/DGA Activity
2023-06-14T01:42:50.304001,77.151.67.139,os1rgn6qholxdbp3gy6o.xyz,TXT,SERVFAIL,,IN,72,141.178.195.5,Suspicious Query,77947,2850,244,news,Data Exfiltration/DGA Activity
2023-10-27T12:43:05.948935,139.69.94.211,efnsbn.xyz,A,NOERROR,,IN,25,148.174.147.30,Recursion Desired,64486,53,27,random,DDoS Attack
2023-05-07T10:51:33.728685,233.192.123.26,yutfohryi.org,TXT,NOERROR,107.78.32.190,IN,415,205.63.49.80,Standard Query,86400,24767,39,random,DNS Poisoning
2023-01-06T06:22:09.595970,164.161.104.128,grbjhugb.xyz,CNAME,NOERROR,,IN,8,182.134.153.62,Recursion Desired,42737,53,29,random,DDoS Attack
2023-01-08T01:22:09.168737,174.187.195.84,unyxiq4ep3iy0wzy.xyz,TXT,SERVFAIL,,IN,467,242.193.170.72,Suspicious Query,85510,55516,146,malicious,Data Exfiltration/DGA Activity
2023-08-05T19:46:29.074024,158.109.85.25,ukfgtktfwx52ayw1.xyz,MX,NOERROR,66.34.28.5,IN,483,165.176.254.204,Suspicious Query,85350,17220,184,random,Data Exfiltration/DGA Activity
2023-01-29T19:02:23.422862,120.112.7.50,xtqcziosyb.xyz,A,NOERROR,,IN,8,129.148.154.69,Recursion Desired,33152,53,27,news,DDoS Attack
2023-02-07T11:55:59.914829,180.38.57.88,ibkwkwp.com,A,REFUSED,,IN,329,121.242.251.208,Standard Query,63927,52122,39,e-commerce,Normal
2023-04-15T23:27:59.821196,75.131.100.52,nmrtpyk.com,AAAA,NXDOMAIN,190.148.64.116,IN,39,100.169.102.236,Recursion Desired,1,51235,47,news,DNS Poisoning
2023-04-13T11:30:47.315684,245.105.143.247,dfgqxalrut.net,AAAA,NXDOMAIN,192.86.184.223,IN,42,195.195.65.195,Truncated,52,11447,72,news,NXDOMAIN Attack
2023-12-30T17:04:47.115991,194.37.220.57,grvlfnc.xyz,AAAA,REFUSED,,IN,234,38.220.6.218,Truncated,46961,26082,20,random,Normal
2023-03-11T01:56:41.500258,223.54.246.59,tinqggoio.org,TXT,NXDOMAIN,,IN,261,92.213.250.169,Truncated,45107,64564,51,random,Normal
2023-08-15T01:43:28.558680,134.9.221.63,wytsh.xyz,TXT,NXDOMAIN,65.193.111.4,IN,361,223.148.90.35,Standard Query,1,11805,117,social,DNS Poisoning
2023-08-31T07:05:25.709670,245.43.233.253,dj2arztp344n1j2.xyz,MX,NXDOMAIN,,IN,177,58.40.92.120,Suspicious Query,80428,3980,199,random,Data Exfiltration/DGA Activity
2023-11-24T14:49:30.841253,170.158.21.99,oyexzk.xyz,A,NXDOMAIN,,IN,166,139.253.112.103,Truncated,30,57463,40,malicious,NXDOMAIN Attack
2023-02-05T22:56:53.239597,72.211.202.211,s7iuchyaagdfay.xyz,A,NOERROR,2.32.157.240,IN,49,213.192.57.47,Suspicious Query,38792,53285,121,malicious,Data Exfiltration/DGA Activity
2023-12-27T11:24:42.981246,137.77.91.182,tncgbdma.com,AAAA,REFUSED,252.4.35.56,IN,48,82.0.219.249,Standard Query,1,18774,194,social,DNS Poisoning
2023-10-04T21:22:52.959261,204.255.235.14,ztkdztf.net,CNAME,NOERROR,,IN,32,84.175.188.252,Truncated,67984,53,148,e-commerce,DDoS Attack
2023-09-16T13:50:15.935140,68.192.103.5,eouaux.org,MX,NXDOMAIN,,IN,24,194.154.227.235,Standard Query,43,35199,143,e-commerce,NXDOMAIN Attack
2023-03-18T20:59:24.642785,172.149.249.139,av6nyscw6c917yod5.xyz,MX,NXDOMAIN,,IN,98,200.49.233.122,Suspicious Query,13203,11515,234,social,Data Exfiltration/DGA Activity
2023-07-19T23:35:10.911533,181.78.243.199,mnoosj.xyz,A,SERVFAIL,,IN,91,67.62.253.212,Truncated,23216,3908,102,malicious,Normal
2023-03-01T16:22:02.792106,179.141.134.3,yszmcex.xyz,TXT,NOERROR,,IN,1,58.150.129.19,Standard Query,13114,443,101,social,DDoS Attack
2023-04-16T13:13:13.318054,82.169.250.252,uqivqt.com,A,NXDOMAIN,,IN,460,203.52.24.142,Recursion Desired,58,13014,135,e-commerce,NXDOMAIN Attack
2023-09-19T02:31:34.600083,186.244.178.137,xmgzoxmusr.net,MX,NOERROR,142.133.253.245,IN,110,222.55.146.110,Standard Query,86400,39758,43,random,DNS Poisoning
2023-06-22T17:09:19.180086,157.138.30.209,zxqxbx.io,MX,NXDOMAIN,53.86.148.86,IN,103,229.129.85.217,Truncated,1,15823,28,news,DNS Poisoning
2023-09-30T08:01:41.896926,170.95.137.122,sroqhwzc.xyz,MX,NOERROR,,IN,30,50.63.126.223,Recursion Desired,64173,53,83,malicious,DDoS Attack
2023-09-21T04:11:28.879515,105.37.228.201,bphtd.com,CNAME,NOERROR,201.101.156.43,IN,316,90.60.146.127,Truncated,72327,19618,110,e-commerce,Normal
2023-09-28T20:05:05.563401,180.5.131.245,usridsazz.com,CNAME,SERVFAIL,,IN,235,46.45.247.246,Truncated,57782,58603,80,social,Normal
2023-04-12T01:09:45.807852,161.102.93.210,noiebdec.io,A,NXDOMAIN,,IN,431,237.46.154.233,Recursion Desired,8,13288,175,malicious,NXDOMAIN Attack
2023-11-15T12:00:58.115007,233.72.96.179,feeggn.com,CNAME,NXDOMAIN,8.191.137.81,IN,331,123.27.158.202,Standard Query,5,52666,55,malicious,NXDOMAIN Attack
2023-03-25T18:25:21.838465,238.222.96.200,wuiovhtsp.org,AAAA,NXDOMAIN,,IN,168,186.79.221.11,Truncated,43,20056,190,news,NXDOMAIN Attack
2023-11-09T07:14:06.232059,38.16.186.188,ccnoe.xyz,TXT,NOERROR,,IN,47,84.239.131.208,Recursion Desired,65284,443,152,malicious,DDoS Attack
2023-05-24T05:49:00.383734,138.132.146.233,nlinhjweqx.net,CNAME,REFUSED,,IN,403,239.14.246.79,Standard Query,3470,40196,145,malicious,Normal
2023-08-10T15:47:22.580646,53.124.119.227,wfgddnvoq.io,TXT,NXDOMAIN,187.248.50.66,IN,472,49.121.49.114,Recursion Desired,1,37430,176,e-commerce,NXDOMAIN Attack
2023-09-22T07:26:41.819506,55.56.245.147,auppadjhb.xyz,TXT,NOERROR,139.140.130.66,IN,108,170.243.72.109,Truncated,18752,16859,39,social,Normal
2023-04-23T02:39:46.181763,205.64.234.90,sydnnrfla.io,AAAA,NOERROR,,IN,37,108.42.122.113,Standard Query,81306,443,55,social,DDoS Attack
2023-03-29T00:15:58.261244,94.23.100.89,kadxttjd.net,CNAME,NOERROR,89.50.212.3,IN,363,254.100.171.105,Truncated,1,25960,177,social,DNS Poisoning
2023-08-22T09:19:50.527817,246.150.119.175,pwkwkdw.net,AAAA,NXDOMAIN,,IN,253,7.176.125.215,Truncated,46,38257,53,random,NXDOMAIN Attack
2023-12-23T10:24:58.857143,73.179.223.136,ndjaylpy.io,AAAA,SERVFAIL,,IN,78,17.227.212.8,Recursion Desired,15524,22876,193,news,Normal
2023-02-13T09:10:42.724091,4.163.222.107,egeifl.org,CNAME,NOERROR,253.214.169.158,IN,235,120.244.205.233,Standard Query,1,57174,140,social,DNS Poisoning
2023-09-14T07:52:36.275684,46.167.212.100,tqx4657yo3byky3.xyz,AAAA,SERVFAIL,,IN,342,61.182.51.0,Suspicious Query,39792,39395,218,news,Data Exfiltration/DGA Activity
2023-03-17T11:07:10.519801,213.223.201.149,awegj5tanz8s1ya3opm2.xyz,MX,NXDOMAIN,,IN,465,138.22.66.126,Suspicious Query,61072,25576,138,random,Data Exfiltration/DGA Activity
2023-03-24T00:49:57.634907,142.96.153.175,nvowmkio.org,CNAME,NXDOMAIN,,IN,361,148.220.190.51,Recursion Desired,66424,44408,182,social,Normal
2023-10-15T21:10:41.830301,116.135.248.106,fjkamnzn.io,TXT,NXDOMAIN,81.27.136.144,IN,460,206.196.228.184,Standard Query,21,42914,192,malicious,NXDOMAIN Attack
2023-03-21T00:12:57.364244,220.165.12.47,o3zfidedf4lvuj8e.xyz,CNAME,SERVFAIL,,IN,457,171.34.52.127,Suspicious Query,22610,19575,181,random,Data Exfiltration/DGA Activity
2023-08-23T02:10:36.285381,60.164.203.190,jwkezxd.io,A,NOERROR,72.78.73.26,IN,49,76.126.27.93,Truncated,4134,443,187,malicious,DDoS Attack
2023-11-13T19:06:29.698154,129.66.42.197,lheabn.net,TXT,REFUSED,157.249.190.37,IN,109,221.51.242.234,Standard Query,86400,10721,23,e-commerce,DNS Poisoning
2023-12-14T04:03:04.160127,15.227.166.125,jedcnth.org,MX,NXDOMAIN,28.196.243.69,IN,378,198.151.121.233,Recursion Desired,1,20552,122,malicious,DNS Poisoning
2023-12-19T06:20:00.582976,9.115.172.69,ahwthoblrb6bnf00.xyz,TXT,NOERROR,163.225.146.149,IN,44,49.23.95.62,Suspicious Query,81056,38136,221,e-commerce,Data Exfiltration/DGA Activity
2023-10-07T19:03:37.666997,154.3.135.188,rzoxvz8rddp.xyz,A,NOERROR,96.111.72.224,IN,213,142.242.90.173,Suspicious Query,22664,65198,227,news,Data Exfiltration/DGA Activity
2023-03-26T22:17:10.115123,239.180.101.66,ypmtl.io,AAAA,NXDOMAIN,,IN,234,109.163.86.200,Truncated,15,28528,107,news,NXDOMAIN Attack
2023-12-29T14:33:50.507916,125.179.250.184,rgxwu.com,AAAA,NXDOMAIN,,IN,301,40.59.64.194,Truncated,53,25975,153,malicious,NXDOMAIN Attack
2023-06-16T21:45:10.877130,92.53.7.229,ntlfzlqryd.org,TXT,NXDOMAIN,,IN,61,186.190.40.222,Truncated,32743,34840,57,e-commerce,Normal
2023-06-07T17:33:45.993453,129.225.0.148,qksuces.org,MX,NOERROR,,IN,23,164.184.147.107,Truncated,39713,53,104,social,DDoS Attack
2023-08-15T08:45:03.914426,214.96.129.213,lftfuiteqo.com,CNAME,NXDOMAIN,,IN,115,2.72.75.214,Recursion Desired,5989,30359,74,random,Normal
2023-05-29T09:18:40.512861,58.178.86.155,uxsfasdx.xyz,AAAA,NOERROR,223.204.54.26,IN,81,3.131.147.234,Standard Query,1,5448,199,malicious,DNS Poisoning
2023-06-02T12:14:31.111525,87.99.239.98,t5ms5sl2fr8x6.xyz,TXT,NXDOMAIN,,IN,265,123.59.218.220,Suspicious Query,85582,29531,204,social,Data Exfiltration/DGA Activity
2023-07-03T06:13:19.414126,137.243.112.53,9g4psge5bmwubc.xyz,CNAME,NOERROR,187.122.199.255,IN,443,212.55.94.125,Suspicious Query,15192,30403,214,news,Data Exfiltration/DGA Activity
2023-12-09T14:29:34.293701,109.182.193.154,aobgbll.io,A,SERVFAIL,,IN,297,21.184.137.164,Truncated,29855,19699,92,random,Normal
2023-10-07T15:33:55.169278,61.221.227.23,cfhyuwwu.org,A,NXDOMAIN,,IN,65,216.53.158.242,Standard Query,42682,35557,45,social,Normal
2023-09-21T14:31:58.124579,202.246.252.210,ubbptls.com,TXT,NOERROR,,IN,43,160.105.251.31,Standard Query,70278,443,170,e-commerce,DDoS Attack
2023-02-13T18:18:02.307599,184.218.244.29,vhlgcb.org,A,NOERROR,218.27.123.120,IN,376,165.66.216.115,Standard Query,73972,60051,56,social,Normal
2023-01-28T23:24:51.842823,47.29.35.222,nmpsnhdtln.net,TXT,SERVFAIL,53.223.33.150,IN,130,81.53.168.101,Standard Query,86400,19132,182,social,DNS Poisoning
2023-10-04T00:33:04.837331,80.81.122.14,khwocnm.com,AAAA,NOERROR,227.159.187.41,IN,6,152.224.123.232,Standard Query,29961,53,191,social,DDoS Attack
2023-05-20T08:56:20.522885,241.214.47.255,tfxek.com,MX,REFUSED,252.33.181.61,IN,78,123.155.243.191,Standard Query,1,60345,91,e-commerce,DNS Poisoning
2023-10-11T13:27:47.164451,211.114.223.133,grpfv.com,A,NXDOMAIN,,IN,121,214.172.185.30,Recursion Desired,13,55137,80,e-commerce,NXDOMAIN Attack
2023-12-16T13:43:49.264365,243.40.125.122,be023fq190lz9gdu.xyz,MX,REFUSED,,IN,146,165.107.108.39,Suspicious Query,77440,21572,156,malicious,Data Exfiltration/DGA Activity
2023-07-19T17:27:19.610440,211.153.67.156,ypik87xqr8ko55p4wnke.xyz,A,REFUSED,,IN,105,110.139.24.57,Suspicious Query,76510,56375,183,news,Data Exfiltration/DGA Activity
2023-01-05T02:57:37.821792,199.87.161.207,gfsrydy.xyz,CNAME,NOERROR,,IN,24,199.15.247.122,Standard Query,39358,53,35,social,DDoS Attack
2023-11-30T08:12:58.467426,217.184.55.25,reemq.org,AAAA,NXDOMAIN,,IN,425,17.160.167.236,Truncated,60,2713,72,malicious,NXDOMAIN Attack
2023-09-11T23:21:26.414907,109.122.175.104,8xzpjqdosm00thket.xyz,CNAME,SERVFAIL,,IN,276,35.213.93.96,Suspicious Query,39736,4170,151,news,Data Exfiltration/DGA Activity
2023-08-06T23:13:40.516715,85.158.234.86,reyurxe.org,MX,SERVFAIL,,IN,229,111.1.124.64,Standard Query,53891,55583,127,e-commerce,Normal
2023-09-01T18:39:06.553945,179.35.205.234,auzpx.io,TXT,NXDOMAIN,,IN,420,222.130.186.118,Truncated,44,47384,129,news,NXDOMAIN Attack
2023-03-26T23:58:51.201358,150.221.28.150,yxqxwaasc.xyz,TXT,NXDOMAIN,194.10.205.46,IN,57,157.71.129.68,Recursion Desired,49,15761,147,news,NXDOMAIN Attack
2023-02-07T10:45:09.742955,10.161.13.139,kitwwokpx.io,MX,SERVFAIL,,IN,454,75.236.161.64,Standard Query,56350,54813,152,news,Normal
2023-05-14T17:44:48.325924,10.29.202.156,lvwwu.io,CNAME,NXDOMAIN,,IN,456,66.65.90.83,Recursion Desired,28,40609,117,news,NXDOMAIN Attack
2023-04-29T04:50:57.675690,141.42.28.96,chjwn.com,TXT,SERVFAIL,110.254.25.70,IN,434,233.228.15.232,Standard Query,86400,20082,32,e-commerce,DNS Poisoning
2023-04-12T08:51:08.537481,14.62.94.172,yleji.com,A,NXDOMAIN,,IN,493,78.143.90.237,Truncated,48,57674,49,social,NXDOMAIN Attack
2023-05-10T02:31:23.488076,240.123.71.148,kcdele.xyz,TXT,NOERROR,,IN,34,116.73.28.160,Recursion Desired,33406,53,37,news,DDoS Attack
2023-07-13T09:54:36.543177,86.86.86.134,pjtfnw.io,CNAME,REFUSED,159.167.224.174,IN,91,165.98.220.216,Truncated,1,58945,69,e-commerce,DNS Poisoning
2023-03-26T19:07:51.108071,227.130.228.26,ndusalay.io,AAAA,NXDOMAIN,90.185.8.91,IN,97,221.211.35.43,Standard Query,1,65021,82,social,DNS Poisoning
2023-03-28T22:29:26.394628,251.186.21.134,exkkgd.org,CNAME,NXDOMAIN,,IN,72,99.231.206.69,Truncated,15357,56518,59,malicious,Normal
2023-02-04T02:03:03.643779,214.83.134.174,cfpgzgr.xyz,TXT,NOERROR,,IN,20,66.111.103.17,Standard Query,39000,53,75,random,DDoS Attack
2023-09-26T08:13:25.169220,76.114.208.76,xtvqdi.com,TXT,NXDOMAIN,,IN,39,96.7.14.193,Recursion Desired,37,25331,24,social,NXDOMAIN Attack
2023-10-19T23:27:17.892413,204.85.192.50,zicng.net,A,REFUSED,239.229.233.2,IN,400,83.182.3.82,Standard Query,86400,36807,112,malicious,DNS Poisoning
2023-09-19T19:45:06.751084,28.174.155.48,yiceutj.com,A,SERVFAIL,,IN,373,162.5.213.210,Recursion Desired,73959,22106,76,malicious,Normal
2023-02-14T15:15:20.693601,61.191.186.189,nmonjh.com,CNAME,SERVFAIL,,IN,234,109.34.86.110,Truncated,46864,57575,162,social,Normal
2023-01-08T09:57:05.625117,222.10.162.220,jialvecje.net,MX,NXDOMAIN,,IN,230,246.58.230.83,Standard Query,7,60852,144,news,NXDOMAIN Attack
2023-09-27T02:56:26.131645,41.218.42.88,ifwcorha.xyz,A,NOERROR,237.89.150.164,IN,228,72.1.75.152,Standard Query,86400,29548,46,news,DNS Poisoning
2023-12-02T23:15:58.264940,246.96.190.81,mchudh.io,MX,NOERROR,,IN,27,128.129.162.115,Truncated,38094,53,134,e-commerce,DDoS Attack
2023-04-22T04:32:30.439583,70.108.156.46,ddoxwgyilg.net,A,NOERROR,141.4.181.97,IN,347,141.38.58.217,Recursion Desired,80902,10890,66,news,Normal
2023-05-03T23:05:00.918204,87.192.209.45,ntkaqxr.net,AAAA,NXDOMAIN,181.59.204.85,IN,356,179.1.9.154,Recursion Desired,12,52193,135,malicious,NXDOMAIN Attack
2023-08-19T21:23:46.644752,46.246.197.45,fdrnqtjeo.org,A,NXDOMAIN,,IN,291,227.136.103.146,Truncated,28,25853,74,news,NXDOMAIN Attack
2023-01-26T03:51:50.036866,170.72.10.1,ixtfvta.net,CNAME,NOERROR,,IN,12,98.129.251.89,Standard Query,6573,443,180,malicious,DDoS Attack
2023-12-10T00:13:02.184763,27.142.95.17,ynbyhd.net,TXT,NOERROR,,IN,11,121.230.235.161,Truncated,4394,53,146,news,DDoS Attack
2023-10-03T13:52:58.627476,231.63.60.145,gyqmc.net,CNAME,NOERROR,,IN,20,168.201.142.145,Truncated,19044,443,48,social,DDoS Attack
2023-09-04T14:08:02.139930,142.111.5.129,edfpt.com,AAAA,NOERROR,39.53.84.215,IN,41,214.188.129.67,Recursion Desired,63330,53,160,social,DDoS Attack
2023-03-05T00:35:34.739926,41.11.228.26,pvqivx3dasc3h8hbco2.xyz,MX,NOERROR,125.15.85.220,IN,143,205.114.176.229,Suspicious Query,19180,12628,197,news,Data Exfiltration/DGA Activity
2023-09-30T12:37:34.997937,107.74.240.226,fpqdssnd.io,AAAA,NOERROR,230.227.32.57,IN,6,222.188.67.29,Recursion Desired,33436,53,190,e-commerce,DDoS Attack
2023-04-23T05:34:11.243091,117.213.49.12,vsubdloz.io,CNAME,NXDOMAIN,,IN,334,230.10.222.141,Standard Query,80216,23579,116,news,Normal
2023-01-04T22:53:02.097630,185.234.100.220,dphjvbk.org,AAAA,NOERROR,,IN,31,8.66.151.81,Recursion Desired,64551,443,68,social,DDoS Attack
2023-04-08T03:31:35.949706,128.236.34.163,iszknx.com,A,NXDOMAIN,,IN,175,86.119.88.41,Standard Query,17,22635,95,social,NXDOMAIN Attack
2023-10-15T13:49:17.897038,123.26.30.167,g7dj3ldl749icxwvu.xyz,MX,NXDOMAIN,,IN,426,50.24.112.244,Suspicious Query,47466,36815,179,malicious,Data Exfiltration/DGA Activity
2023-06-25T06:15:48.124792,52.44.68.31,oyvgp.org,AAAA,NOERROR,,IN,17,166.184.22.194,Standard Query,60807,443,64,random,DDoS Attack
2023-11-28T23:39:02.132640,190.162.4.13,kuxerrfvzv.org,AAAA,SERVFAIL,209.60.165.182,IN,301,157.218.79.14,Standard Query,1,29279,39,social,DNS Poisoning
2023-12-12T08:16:52.734083,95.118.41.185,fmxwriwbt.io,A,NXDOMAIN,,IN,124,217.14.216.39,Standard Query,23,55209,131,e-commerce,NXDOMAIN Attack
2023-10-04T15:55:24.196763,74.101.19.205,5b46sarm7e9gd468p.xyz,A,NOERROR,184.117.163.131,IN,56,115.138.100.246,Suspicious Query,82692,60681,240,malicious,Data Exfiltration/DGA Activity
2023-04-22T07:18:51.791078,12.132.189.125,jlcqrzmy.io,MX,SERVFAIL,49.214.209.91,IN,369,113.223.90.180,Recursion Desired,1,15156,162,e-commerce,DNS Poisoning
2023-09-27T19:53:18.567331,245.242.177.59,fv7ka15xwz51g6n5.xyz,MX,NOERROR,241.135.142.193,IN,376,69.154.30.156,Suspicious Query,85008,9117,155,news,Data Exfiltration/DGA Activity
2023-01-26T04:56:51.774721,252.162.131.112,xcmdgbdgto.com,TXT,SERVFAIL,,IN,389,105.93.198.127,Standard Query,83610,50148,93,e-commerce,Normal
2023-03-11T21:39:14.536834,61.29.184.43,trbmgskzx.io,MX,NXDOMAIN,,IN,424,209.163.163.101,Truncated,3,59458,133,malicious,NXDOMAIN Attack
2023-05-18T08:46:31.259755,152.213.194.187,hvtaf.xyz,CNAME,SERVFAIL,,IN,125,111.136.61.192,Standard Query,32315,26778,142,malicious,Normal
2023-11-23T07:56:56.522051,43.28.239.113,xkozxgxoe.io,CNAME,REFUSED,29.94.30.19,IN,498,248.134.215.236,Recursion Desired,1,51359,166,e-commerce,DNS Poisoning
2023-09-19T10:55:37.598025,37.121.33.66,zcc5caae50lk6bp.xyz,TXT,REFUSED,,IN,68,137.38.83.70,Suspicious Query,40472,19256,195,malicious,Data Exfiltration/DGA Activity
2023-02-12T19:56:33.332426,92.20.83.93,lwvfnipyp.xyz,A,NXDOMAIN,239.91.125.158,IN,114,42.14.41.101,Standard Query,7,45803,116,random,NXDOMAIN Attack
2023-07-16T08:18:16.382981,97.71.199.250,tuwdubipil.net,AAAA,SERVFAIL,,IN,199,108.50.231.142,Standard Query,37338,65042,31,e-commerce,Normal
2023-02-26T16:20:40.792649,199.251.0.151,pgmrty.net,MX,REFUSED,248.99.130.116,IN,164,36.199.34.15,Truncated,86400,40943,75,malicious,DNS Poisoning
2023-08-10T23:11:26.297891,205.208.4.22,uedkljrg.io,AAAA,REFUSED,197.11.242.238,IN,226,206.77.78.105,Recursion Desired,1,43945,178,random,DNS Poisoning
2023-07-01T13:23:09.245773,158.42.89.18,fgxlkmvbku.xyz,MX,SERVFAIL,75.38.149.11,IN,334,142.182.200.122,Recursion Desired,86400,23773,141,e-commerce,DNS Poisoning
2023-05-25T01:55:30.943187,40.150.211.188,du6kr8qqf1h77wm1o.xyz,AAAA,NXDOMAIN,,IN,98,56.26.139.70,Suspicious Query,40423,13041,177,social,Data Exfiltration/DGA Activity
2023-02-27T04:35:54.550043,99.78.39.25,9uybks7rgablj09.xyz,AAAA,NOERROR,61.83.102.59,IN,58,187.145.159.105,Suspicious Query,80461,9471,234,e-commerce,Data Exfiltration/DGA Activity
2023-01-14T13:42:36.675572,112.214.114.2,rhrehhd.io,MX,NXDOMAIN,2.251.101.72,IN,397,124.188.226.213,Truncated,86400,17548,138,random,DNS Poisoning
2023-01-15T16:21:51.462304,103.74.46.101,jz9b2jc5cjdcnzi.xyz,AAAA,NXDOMAIN,,IN,372,232.69.34.56,Suspicious Query,29748,27649,170,random,Data Exfiltration/DGA Activity
2023-04-06T17:47:01.774200,186.29.245.24,uagxzqybzj.com,MX,NOERROR,,IN,30,234.70.179.149,Recursion Desired,77805,443,50,random,DDoS Attack
2023-06-10T05:54:37.282975,93.66.134.39,jgbfxfamvz.net,AAAA,NXDOMAIN,,IN,460,190.30.74.232,Truncated,66851,29292,145,e-commerce,Normal
2023-01-25T01:09:58.355387,151.78.130.63,rrxse.com,TXT,NOERROR,,IN,32,7.235.178.71,Truncated,50909,53,195,social,DDoS Attack
2023-12-11T09:36:12.088604,43.73.89.143,gakroxd.xyz,A,NOERROR,43.113.34.159,IN,36,26.151.104.178,Recursion Desired,15889,53,30,social,DDoS Attack
2023-07-30T04:17:03.040637,90.90.5.58,mxmogflhp.io,CNAME,SERVFAIL,11.127.51.118,IN,490,94.154.240.227,Recursion Desired,86400,16600,58,malicious,DNS Poisoning
2023-10-28T22:15:15.026907,107.71.184.193,iftyemexppg3xkk.xyz,MX,SERVFAIL,,IN,152,94.134.58.209,Suspicious Query,51645,5266,216,malicious,Data Exfiltration/DGA Activity
2023-06-23T05:55:39.611715,86.148.137.57,bqcrqr.xyz,A,NOERROR,7.43.210.146,IN,155,155.195.12.86,Truncated,25727,17346,89,e-commerce,Normal
2023-12-01T15:34:18.370816,218.40.28.83,pj44c86yu4xmgwl8howh.xyz,A,NXDOMAIN,,IN,436,64.182.78.113,Suspicious Query,44568,30259,170,random,Data Exfiltration/DGA Activity
2023-08-22T18:17:57.306699,31.91.13.0,trkyexnrm.xyz,TXT,NXDOMAIN,,IN,113,200.194.205.57,Recursion Desired,84824,17473,118,e-commerce,Normal
2023-03-07T05:16:46.807363,60.245.139.211,rdfbsqo.net,CNAME,NOERROR,,IN,9,107.207.194.217,Standard Query,30103,443,161,malicious,DDoS Attack
2023-06-17T06:34:54.751371,160.173.75.138,maighgvup.net,CNAME,NOERROR,,IN,38,60.75.69.145,Recursion Desired,23430,443,77,malicious,DDoS Attack
2023-07-19T14:45:08.727853,175.16.191.35,cxgjudu.com,AAAA,SERVFAIL,,IN,259,158.161.1.57,Standard Query,11012,13952,147,random,Normal
2023-06-12T13:46:18.187895,67.157.215.65,sexhryy.org,A,NXDOMAIN,52.169.192.206,IN,132,164.225.116.104,Recursion Desired,1,26828,73,malicious,DNS Poisoning
2023-09-22T12:12:15.900312,191.214.14.91,qjcuj.io,TXT,NOERROR,,IN,4,147.227.95.179,Standard Query,36100,443,180,random,DDoS Attack
2023-01-22T05:37:39.676186,153.67.120.191,siw946ndcbpf7qx.xyz,TXT,NOERROR,89.213.89.66,IN,212,65.43.240.52,Suspicious Query,43976,58847,235,social,Data Exfiltration/DGA Activity
2023-06-22T18:24:49.382843,235.149.200.52,wnifcfjdsj.com,CNAME,NXDOMAIN,,IN,229,12.185.222.245,Standard Query,47,29503,104,social,NXDOMAIN Attack
2023-06-20T09:23:40.212265,144.71.67.202,tlbhddb.xyz,A,NXDOMAIN,14.120.65.21,IN,384,253.194.33.162,Standard Query,19,39429,154,news,NXDOMAIN Attack
2023-03-09T13:22:36.193253,1.53.161.114,lc37jl3n4rgqeru48och.xyz,TXT,REFUSED,,IN,306,227.116.203.255,Suspicious Query,37804,64509,205,e-commerce,Data Exfiltration/DGA Activity
2023-05-21T15:33:34.178307,200.145.255.120,aboxblsdk.org,CNAME,NOERROR,,IN,10,152.124.240.146,Recursion Desired,73819,53,72,malicious,DDoS Attack
2023-07-12T08:58:01.569002,160.110.237.147,adbdez.xyz,A,NXDOMAIN,,IN,261,11.31.7.151,Standard Query,15,62024,126,e-commerce,NXDOMAIN Attack
2023-11-26T20:21:08.083431,87.197.247.79,srwvtz.net,AAAA,NOERROR,,IN,14,16.91.118.164,Truncated,58480,443,36,social,DDoS Attack
2023-10-11T07:04:59.117966,1.190.135.73,nkdszvouy.org,MX,NXDOMAIN,,IN,33,143.7.189.110,Recursion Desired,59,16469,30,social,NXDOMAIN Attack
2023-08-29T11:18:40.419203,88.109.56.40,ngvrbtqbk.org,MX,NXDOMAIN,,IN,135,167.156.215.96,Truncated,23,55234,120,random,NXDOMAIN Attack
